2022-11-09T16:32:40Z,BRK.B,0.27
2022-11-09T16:32:40Z,VT,0.08
2022-11-14T15:30:06Z,BRK.B,0.93
2022-11-14T15:30:06Z,VT,0.02
2022-11-14T15:30:40Z,BRK.B,0.93
2022-11-14T15:30:40Z,VT,0.02
2022-11-14T15:31:14Z,BRK.B,0.93
2022-11-14T15:31:14Z,VT,0.02
2022-11-14T15:31:48Z,BRK.B,0.93
2022-11-14T15:31:48Z,VT,0.02
2022-11-14T15:32:22Z,BRK.B,0.93
2022-11-14T15:32:22Z,VT,0.02
2022-11-14T15:32:56Z,BRK.B,0.93
2022-11-14T15:32:56Z,VT,0.02
2022-11-14T15:33:30Z,BRK.B,0.93
2022-11-14T15:33:30Z,VT,0.02
2022-11-14T15:34:05Z,BRK.B,0.93
2022-11-14T15:34:05Z,VT,0.02
2022-11-14T15:34:39Z,BRK.B,0.93
2022-11-14T15:34:39Z,VT,0.02
2022-11-14T15:35:14Z,BRK.B,0.93
2022-11-14T15:35:14Z,VT,0.02
2022-11-14T15:35:47Z,BRK.B,0.93
2022-11-14T15:35:47Z,VT,0.02
2022-11-14T15:36:21Z,BRK.B,0.93
2022-11-14T15:36:21Z,VT,0.02
2022-11-14T15:36:55Z,BRK.B,0.93
2022-11-14T15:36:55Z,VT,0.02
2022-11-14T15:37:28Z,BRK.B,0.93
2022-11-14T15:37:28Z,VT,0.02
2022-11-14T15:38:02Z,BRK.B,0.93
2022-11-14T15:38:02Z,VT,0.02
2022-11-14T15:38:36Z,BRK.B,0.93
2022-11-14T15:38:36Z,VT,0.02
2022-11-14T15:39:09Z,BRK.B,0.93
2022-11-14T15:39:09Z,VT,0.02
2022-11-14T15:39:43Z,BRK.B,0.93
2022-11-14T15:39:43Z,VT,0.02
2022-11-14T15:40:17Z,BRK.B,0.93
2022-11-14T15:40:17Z,VT,0.02
2022-11-14T15:40:50Z,BRK.B,0.93
2022-11-14T15:40:50Z,VT,0.02
2022-11-14T15:41:24Z,BRK.B,0.93
2022-11-14T15:41:24Z,VT,0.02
2022-11-14T15:41:58Z,BRK.B,0.93
2022-11-14T15:41:58Z,VT,0.02
2022-11-14T15:42:31Z,BRK.B,0.93
2022-11-14T15:42:31Z,VT,0.02
2022-11-14T15:43:05Z,BRK.B,0.93
2022-11-14T15:43:05Z,VT,0.02
2022-11-14T15:43:39Z,BRK.B,0.93
2022-11-14T15:43:39Z,VT,0.02
2022-11-14T15:44:14Z,BRK.B,0.93
2022-11-14T15:44:14Z,VT,0.02
2022-11-14T15:44:48Z,BRK.B,0.93
2022-11-14T15:44:48Z,VT,0.02
2022-11-14T15:45:23Z,BRK.B,0.93
2022-11-14T15:45:23Z,VT,0.02
2022-11-14T15:45:56Z,BRK.B,0.93
2022-11-14T15:45:56Z,VT,0.02
2022-11-14T15:46:31Z,BRK.B,0.93
2022-11-14T15:46:31Z,VT,0.02
2022-11-14T15:47:05Z,BRK.B,0.93
2022-11-14T15:47:05Z,VT,0.02
2022-11-14T15:47:39Z,BRK.B,0.93
2022-11-14T15:47:39Z,VT,0.02
2022-11-14T15:48:12Z,BRK.B,0.93
2022-11-14T15:48:12Z,VT,0.02
2022-11-14T15:48:46Z,BRK.B,0.93
2022-11-14T15:48:46Z,VT,0.02
2022-11-14T15:48:55Z,BRK.B,0.07
2022-11-14T15:48:55Z,VT,0.02
2022-11-17T15:28:26Z,BRK.B,0.33
2022-11-17T15:28:26Z,VT,0.29
2022-11-21T15:28:35Z,BRK.B,0.67
2022-11-21T15:28:35Z,VT,0.59
2022-11-25T15:28:00Z,BRK.B,20.66
2022-11-25T15:28:00Z,VT,0
2022-11-25T15:28:36Z,BRK.B,20.66
2022-11-25T15:28:36Z,VT,0
2022-11-25T15:29:12Z,BRK.B,20.66
2022-11-25T15:29:12Z,VT,0
2022-11-25T15:29:48Z,BRK.B,20.66
2022-11-25T15:29:48Z,VT,0
2022-11-25T15:30:24Z,BRK.B,20.66
2022-11-25T15:30:24Z,VT,0
2022-11-25T15:30:59Z,BRK.B,20.66
2022-11-25T15:30:59Z,VT,0
2022-11-25T15:31:35Z,BRK.B,20.66
2022-11-25T15:31:35Z,VT,0
2022-11-25T15:32:11Z,BRK.B,20.66
2022-11-25T15:32:11Z,VT,0
2022-11-25T15:32:46Z,BRK.B,20.66
2022-11-25T15:32:46Z,VT,0
2022-11-25T15:33:23Z,BRK.B,20.66
2022-11-25T15:33:23Z,VT,0
2022-11-25T15:33:58Z,BRK.B,20.66
2022-11-25T15:33:58Z,VT,0
2022-11-25T15:34:34Z,BRK.B,20.66
2022-11-25T15:34:34Z,VT,0
2022-11-25T15:35:09Z,BRK.B,20.66
2022-11-25T15:35:09Z,VT,0
2022-11-25T15:35:45Z,BRK.B,20.66
2022-11-25T15:35:45Z,VT,0
2022-11-25T15:36:21Z,BRK.B,20.66
2022-11-25T15:36:21Z,VT,0
2022-11-25T15:36:57Z,BRK.B,20.66
2022-11-25T15:36:57Z,VT,0
2022-11-25T15:37:32Z,BRK.B,20.66
2022-11-25T15:37:32Z,VT,0
2022-11-25T15:38:08Z,BRK.B,20.66
2022-11-25T15:38:08Z,VT,0
2022-11-25T15:38:44Z,BRK.B,20.66
2022-11-25T15:38:44Z,VT,0
2022-11-25T15:39:20Z,BRK.B,20.66
2022-11-25T15:39:20Z,VT,0
2022-11-25T15:39:56Z,BRK.B,20.66
2022-11-25T15:39:56Z,VT,0
2022-11-25T15:40:33Z,BRK.B,20.66
2022-11-25T15:40:33Z,VT,0
2022-11-25T15:41:08Z,BRK.B,20.66
2022-11-25T15:41:08Z,VT,0
2022-11-25T15:41:44Z,BRK.B,20.66
2022-11-25T15:41:44Z,VT,0
2022-11-25T15:42:21Z,BRK.B,20.66
2022-11-25T15:42:21Z,VT,0
2022-11-25T15:42:57Z,BRK.B,20.66
2022-11-25T15:42:57Z,VT,0
2022-11-25T15:43:33Z,BRK.B,20.66
2022-11-25T15:43:33Z,VT,0
2022-11-25T15:44:08Z,BRK.B,20.66
2022-11-25T15:44:08Z,VT,0
2022-11-25T15:44:44Z,BRK.B,20.66
2022-11-25T15:44:44Z,VT,0
2022-11-25T15:45:20Z,BRK.B,20.66
2022-11-25T15:45:20Z,VT,0
2022-11-25T15:45:56Z,BRK.B,20.66
2022-11-25T15:45:56Z,VT,0
2022-11-25T15:46:31Z,BRK.B,20.66
2022-11-25T15:46:31Z,VT,0
2022-11-25T15:47:07Z,BRK.B,20.66
2022-11-25T15:47:07Z,VT,0
2022-11-25T15:47:42Z,BRK.B,20.66
2022-11-25T15:47:42Z,VT,0
2022-11-25T15:48:18Z,BRK.B,20.66
2022-11-25T15:48:18Z,VT,0
2022-11-25T15:48:53Z,BRK.B,20.66
2022-11-25T15:48:53Z,VT,0
2022-11-25T15:49:28Z,BRK.B,20.66
2022-11-25T15:49:28Z,VT,0
2022-11-25T15:50:04Z,BRK.B,20.66
2022-11-25T15:50:04Z,VT,0
2022-11-25T15:50:39Z,BRK.B,20.66
2022-11-25T15:50:39Z,VT,0
2022-11-25T15:51:16Z,BRK.B,20.66
2022-11-25T15:51:16Z,VT,0
2022-11-25T15:51:52Z,BRK.B,20.66
2022-11-25T15:51:52Z,VT,0
2022-11-25T15:52:27Z,BRK.B,20.66
2022-11-25T15:52:27Z,VT,0
2022-11-25T15:53:04Z,BRK.B,20.66
2022-11-25T15:53:04Z,VT,0
2022-11-25T15:53:40Z,BRK.B,20.66
2022-11-25T15:53:40Z,VT,0
2022-11-25T15:54:16Z,BRK.B,20.66
2022-11-25T15:54:16Z,VT,0
2022-11-25T15:54:51Z,BRK.B,20.66
2022-11-25T15:54:51Z,VT,0
2022-11-25T15:55:27Z,BRK.B,20.66
2022-11-25T15:55:27Z,VT,0
2022-11-25T15:56:04Z,BRK.B,20.66
2022-11-25T15:56:04Z,VT,0
2022-11-25T15:56:41Z,BRK.B,20.66
2022-11-25T15:56:41Z,VT,0
2022-11-25T15:57:17Z,BRK.B,20.66
2022-11-25T15:57:17Z,VT,0
2022-11-25T15:57:52Z,BRK.B,20.66
2022-11-25T15:57:52Z,VT,0
2022-11-25T15:58:28Z,BRK.B,20.66
2022-11-25T15:58:28Z,VT,0
2022-11-25T15:59:03Z,BRK.B,20.66
2022-11-25T15:59:03Z,VT,0
2022-11-25T15:59:39Z,BRK.B,20.66
2022-11-25T15:59:39Z,VT,0
2022-11-25T16:00:14Z,BRK.B,20.66
2022-11-25T16:00:14Z,VT,0
2022-11-25T16:00:49Z,BRK.B,20.66
2022-11-25T16:00:49Z,VT,0
2022-11-25T16:01:25Z,BRK.B,20.66
2022-11-25T16:01:25Z,VT,0
2022-11-25T16:02:00Z,BRK.B,20.66
2022-11-25T16:02:00Z,VT,0
2022-11-25T16:02:36Z,BRK.B,20.66
2022-11-25T16:02:36Z,VT,0
2022-11-25T16:03:12Z,BRK.B,20.66
2022-11-25T16:03:12Z,VT,0
2022-11-25T16:03:47Z,BRK.B,20.66
2022-11-25T16:03:47Z,VT,0
2022-11-25T16:04:22Z,BRK.B,20.66
2022-11-25T16:04:22Z,VT,0
2022-11-25T16:04:58Z,BRK.B,20.66
2022-11-25T16:04:58Z,VT,0
2022-11-25T16:05:34Z,BRK.B,20.66
2022-11-25T16:05:34Z,VT,0
2022-11-25T16:06:10Z,BRK.B,20.66
2022-11-25T16:06:10Z,VT,0
2022-11-25T16:06:45Z,BRK.B,20.66
2022-11-25T16:06:45Z,VT,0
2022-11-25T16:07:21Z,BRK.B,20.66
2022-11-25T16:07:21Z,VT,0
2022-11-25T16:07:57Z,BRK.B,20.66
2022-11-25T16:07:57Z,VT,0
2022-11-25T16:08:32Z,BRK.B,20.66
2022-11-25T16:08:32Z,VT,0
2022-11-25T16:09:08Z,BRK.B,20.66
2022-11-25T16:09:08Z,VT,0
2022-11-25T16:09:44Z,BRK.B,20.66
2022-11-25T16:09:44Z,VT,0
2022-11-25T16:10:19Z,BRK.B,20.66
2022-11-25T16:10:19Z,VT,0
2022-11-25T16:10:55Z,BRK.B,20.66
2022-11-25T16:10:55Z,VT,0
2022-11-25T16:11:30Z,BRK.B,20.66
2022-11-25T16:11:30Z,VT,0
2022-11-25T16:12:05Z,BRK.B,20.66
2022-11-25T16:12:05Z,VT,0
2022-11-25T16:12:41Z,BRK.B,20.66
2022-11-25T16:12:41Z,VT,0
2022-11-25T16:13:17Z,BRK.B,20.66
2022-11-25T16:13:17Z,VT,0
2022-11-25T16:13:52Z,BRK.B,20.66
2022-11-25T16:13:52Z,VT,0
2022-11-25T16:14:28Z,BRK.B,20.66
2022-11-25T16:14:28Z,VT,0
2022-11-25T16:15:03Z,BRK.B,20.66
2022-11-25T16:15:03Z,VT,0
2022-11-25T16:15:39Z,BRK.B,20.66
2022-11-25T16:15:39Z,VT,0
2022-11-25T16:16:14Z,BRK.B,20.66
2022-11-25T16:16:14Z,VT,0
2022-11-25T16:16:50Z,BRK.B,20.66
2022-11-25T16:16:50Z,VT,0
2022-11-25T16:17:28Z,BRK.B,20.66
2022-11-25T16:17:28Z,VT,0
2022-11-25T16:18:03Z,BRK.B,20.66
2022-11-25T16:18:03Z,VT,0
2022-11-25T16:18:39Z,BRK.B,20.66
2022-11-25T16:18:39Z,VT,0
2022-11-25T16:19:15Z,BRK.B,20.66
2022-11-25T16:19:15Z,VT,0
2022-11-25T16:19:51Z,BRK.B,20.66
2022-11-25T16:19:51Z,VT,0
2022-11-25T16:20:26Z,BRK.B,20.66
2022-11-25T16:20:26Z,VT,0
2022-11-25T16:21:02Z,BRK.B,20.66
2022-11-25T16:21:02Z,VT,0
2022-11-25T16:21:37Z,BRK.B,20.66
2022-11-25T16:21:37Z,VT,0
2022-11-25T16:22:13Z,BRK.B,20.66
2022-11-25T16:22:13Z,VT,0
2022-11-25T16:22:48Z,BRK.B,20.66
2022-11-25T16:22:48Z,VT,0
2022-11-25T16:23:24Z,BRK.B,20.66
2022-11-25T16:23:24Z,VT,0
2022-11-25T16:23:59Z,BRK.B,20.66
2022-11-25T16:23:59Z,VT,0
2022-11-25T16:24:35Z,BRK.B,20.66
2022-11-25T16:24:35Z,VT,0
2022-11-25T16:25:11Z,BRK.B,20.66
2022-11-25T16:25:11Z,VT,0
2022-11-25T16:25:46Z,BRK.B,20.66
2022-11-25T16:25:46Z,VT,0
2022-11-25T16:26:22Z,BRK.B,20.66
2022-11-25T16:26:22Z,VT,0
2022-11-25T16:26:58Z,BRK.B,20.66
2022-11-25T16:26:58Z,VT,0
2022-11-25T16:27:33Z,BRK.B,20.66
2022-11-25T16:27:33Z,VT,0
2022-11-25T16:28:09Z,BRK.B,20.66
2022-11-25T16:28:09Z,VT,0
2022-11-25T16:28:45Z,BRK.B,20.66
2022-11-25T16:28:45Z,VT,0
2022-11-25T16:29:23Z,BRK.B,20.66
2022-11-25T16:29:23Z,VT,0
2022-11-25T16:29:58Z,BRK.B,20.66
2022-11-25T16:29:58Z,VT,0
2022-11-25T16:30:34Z,BRK.B,20.66
2022-11-25T16:30:34Z,VT,0
2022-11-25T16:31:09Z,BRK.B,20.66
2022-11-25T16:31:09Z,VT,0
2022-11-25T16:31:45Z,BRK.B,20.66
2022-11-25T16:31:45Z,VT,0
2022-11-25T16:32:22Z,BRK.B,20.66
2022-11-25T16:32:22Z,VT,0
2022-11-25T16:32:58Z,BRK.B,20.66
2022-11-25T16:32:58Z,VT,0
2022-11-25T16:33:33Z,BRK.B,20.66
2022-11-25T16:33:33Z,VT,0
2022-11-25T16:34:08Z,BRK.B,20.66
2022-11-25T16:34:08Z,VT,0
2022-11-25T16:34:44Z,BRK.B,20.66
2022-11-25T16:34:44Z,VT,0
2022-11-25T16:35:19Z,BRK.B,20.66
2022-11-25T16:35:19Z,VT,0
2022-11-25T16:35:54Z,BRK.B,20.66
2022-11-25T16:35:54Z,VT,0
2022-11-25T16:36:30Z,BRK.B,20.66
2022-11-25T16:36:30Z,VT,0
2022-11-25T16:37:05Z,BRK.B,20.66
2022-11-25T16:37:05Z,VT,0
2022-11-25T16:37:41Z,BRK.B,20.66
2022-11-25T16:37:41Z,VT,0
2022-11-25T16:38:16Z,BRK.B,20.66
2022-11-25T16:38:16Z,VT,0
2022-11-25T16:38:52Z,BRK.B,20.66
2022-11-25T16:38:52Z,VT,0
2022-11-25T16:39:27Z,BRK.B,20.66
2022-11-25T16:39:27Z,VT,0
2022-11-25T16:40:05Z,BRK.B,20.66
2022-11-25T16:40:05Z,VT,0
2022-11-25T16:40:41Z,BRK.B,20.66
2022-11-25T16:40:41Z,VT,0
2022-11-25T16:41:16Z,BRK.B,20.66
2022-11-25T16:41:16Z,VT,0
2022-11-25T16:41:52Z,BRK.B,20.66
2022-11-25T16:41:52Z,VT,0
2022-11-25T16:42:28Z,BRK.B,20.66
2022-11-25T16:42:28Z,VT,0
2022-11-25T16:43:03Z,BRK.B,20.66
2022-11-25T16:43:03Z,VT,0
2022-11-25T16:43:39Z,BRK.B,20.66
2022-11-25T16:43:39Z,VT,0
2022-11-25T16:44:14Z,BRK.B,20.66
2022-11-25T16:44:14Z,VT,0
2022-11-25T16:44:50Z,BRK.B,20.66
2022-11-25T16:44:50Z,VT,0
2022-11-25T16:45:26Z,BRK.B,20.66
2022-11-25T16:45:26Z,VT,0
2022-11-25T16:46:01Z,BRK.B,20.66
2022-11-25T16:46:01Z,VT,0
2022-11-25T16:46:37Z,BRK.B,20.66
2022-11-25T16:46:37Z,VT,0
2022-11-25T16:47:13Z,BRK.B,20.66
2022-11-25T16:47:13Z,VT,0
2022-11-25T16:47:48Z,BRK.B,20.66
2022-11-25T16:47:48Z,VT,0
2022-11-25T16:48:23Z,BRK.B,20.66
2022-11-25T16:48:23Z,VT,0
2022-11-25T16:48:59Z,BRK.B,20.66
2022-11-25T16:48:59Z,VT,0
2022-11-25T16:49:34Z,BRK.B,20.66
2022-11-25T16:49:34Z,VT,0
2022-11-25T16:50:11Z,BRK.B,20.66
2022-11-25T16:50:11Z,VT,0
2022-11-25T16:50:47Z,BRK.B,20.66
2022-11-25T16:50:47Z,VT,0
2022-11-25T16:51:22Z,BRK.B,20.66
2022-11-25T16:51:22Z,VT,0
2022-11-25T16:51:58Z,BRK.B,20.66
2022-11-25T16:51:58Z,VT,0
2022-11-25T16:52:34Z,BRK.B,20.66
2022-11-25T16:52:34Z,VT,0
2022-11-25T16:53:10Z,BRK.B,20.66
2022-11-25T16:53:10Z,VT,0
2022-11-25T16:53:46Z,BRK.B,20.66
2022-11-25T16:53:46Z,VT,0
2022-11-25T16:54:22Z,BRK.B,20.66
2022-11-25T16:54:22Z,VT,0
2022-11-25T16:54:57Z,BRK.B,20.66
2022-11-25T16:54:57Z,VT,0
2022-11-25T16:55:33Z,BRK.B,20.66
2022-11-25T16:55:33Z,VT,0
2022-11-25T16:56:09Z,BRK.B,20.66
2022-11-25T16:56:09Z,VT,0
2022-11-25T16:56:47Z,BRK.B,20.66
2022-11-25T16:56:47Z,VT,0
2022-11-25T16:57:22Z,BRK.B,20.66
2022-11-25T16:57:22Z,VT,0
2022-11-25T16:57:57Z,BRK.B,20.66
2022-11-25T16:57:57Z,VT,0
2022-11-25T16:58:33Z,BRK.B,20.66
2022-11-25T16:58:33Z,VT,0
2022-11-25T16:59:08Z,BRK.B,20.66
2022-11-25T16:59:08Z,VT,0
2022-11-25T16:59:44Z,BRK.B,20.66
2022-11-25T16:59:44Z,VT,0
2022-11-25T17:00:19Z,BRK.B,20.66
2022-11-25T17:00:19Z,VT,0
2022-11-25T17:00:55Z,BRK.B,20.66
2022-11-25T17:00:55Z,VT,0
2022-11-25T17:01:30Z,BRK.B,20.66
2022-11-25T17:01:30Z,VT,0
2022-11-25T17:02:05Z,BRK.B,20.66
2022-11-25T17:02:05Z,VT,0
2022-11-25T17:02:41Z,BRK.B,20.66
2022-11-25T17:02:41Z,VT,0
2022-11-25T17:03:17Z,BRK.B,20.66
2022-11-25T17:03:17Z,VT,0
2022-11-25T17:03:53Z,BRK.B,20.66
2022-11-25T17:03:53Z,VT,0
2022-11-25T17:04:29Z,BRK.B,20.66
2022-11-25T17:04:29Z,VT,0
2022-11-25T17:05:04Z,BRK.B,20.66
2022-11-25T17:05:04Z,VT,0
2022-11-25T17:05:40Z,BRK.B,20.66
2022-11-25T17:05:40Z,VT,0
2022-11-25T17:06:17Z,BRK.B,20.66
2022-11-25T17:06:17Z,VT,0
2022-11-25T17:06:52Z,BRK.B,20.66
2022-11-25T17:06:52Z,VT,0
2022-11-25T17:07:28Z,BRK.B,20.66
2022-11-25T17:07:28Z,VT,0
2022-11-25T17:08:04Z,BRK.B,20.66
2022-11-25T17:08:04Z,VT,0
2022-11-25T17:08:41Z,BRK.B,20.66
2022-11-25T17:08:41Z,VT,0
2022-11-25T17:09:17Z,BRK.B,20.66
2022-11-25T17:09:17Z,VT,0
2022-11-25T17:09:52Z,BRK.B,20.66
2022-11-25T17:09:52Z,VT,0
2022-11-25T17:10:28Z,BRK.B,20.66
2022-11-25T17:10:28Z,VT,0
2022-11-25T17:11:03Z,BRK.B,20.66
2022-11-25T17:11:03Z,VT,0
2022-11-25T17:11:38Z,BRK.B,20.66
2022-11-25T17:11:38Z,VT,0
2022-11-25T17:12:14Z,BRK.B,20.66
2022-11-25T17:12:14Z,VT,0
2022-11-25T17:12:49Z,BRK.B,20.66
2022-11-25T17:12:49Z,VT,0
2022-11-25T17:13:25Z,BRK.B,20.66
2022-11-25T17:13:25Z,VT,0
2022-11-25T17:14:00Z,BRK.B,20.66
2022-11-25T17:14:00Z,VT,0
2022-11-25T17:14:36Z,BRK.B,20.66
2022-11-25T17:14:36Z,VT,0
2022-11-25T17:15:13Z,BRK.B,20.66
2022-11-25T17:15:13Z,VT,0
2022-11-25T17:15:48Z,BRK.B,20.66
2022-11-25T17:15:48Z,VT,0
2022-11-25T17:16:24Z,BRK.B,20.66
2022-11-25T17:16:24Z,VT,0
2022-11-25T17:16:59Z,BRK.B,20.66
2022-11-25T17:16:59Z,VT,0
2022-11-25T17:17:37Z,BRK.B,20.66
2022-11-25T17:17:37Z,VT,0
2022-11-25T17:18:13Z,BRK.B,20.66
2022-11-25T17:18:13Z,VT,0
2022-11-25T17:18:48Z,BRK.B,20.66
2022-11-25T17:18:48Z,VT,0
2022-11-25T17:19:23Z,BRK.B,20.66
2022-11-25T17:19:23Z,VT,0
2022-11-25T17:19:51Z,BRK.B,0
2022-11-25T17:19:51Z,VT,0.02
2022-11-28T15:26:08Z,BRK.B,0.2
2022-11-28T15:26:08Z,VT,0.1
2022-11-30T15:27:52Z,BRK.B,0.41
2022-11-30T15:27:52Z,VT,0.42
2022-12-05T15:27:11Z,BRK.B,0.8
2022-12-05T15:27:11Z,VT,0.94
2022-12-08T15:26:45Z,BRK.B,1.13
2022-12-08T15:26:45Z,VT,0.96
2022-12-12T15:27:14Z,BRK.B,1.13
2022-12-12T15:27:14Z,VT,0.98
2022-12-15T15:26:52Z,BRK.B,1.33
2022-12-15T15:26:52Z,VT,1.29
2022-12-19T15:27:54Z,BRK.B,1.26
2022-12-19T15:27:54Z,VT,0.02
2022-12-19T15:28:29Z,BRK.B,1.26
2022-12-19T15:28:29Z,VT,0.02
2022-12-19T15:29:03Z,BRK.B,1.26
2022-12-19T15:29:03Z,VT,0.02
2022-12-19T15:29:38Z,BRK.B,1.26
2022-12-19T15:29:38Z,VT,0.02
2022-12-19T15:30:12Z,BRK.B,1.26
2022-12-19T15:30:12Z,VT,0.02
2022-12-19T15:30:46Z,BRK.B,1.26
2022-12-19T15:30:46Z,VT,0.02
2022-12-19T15:31:21Z,BRK.B,1.26
2022-12-19T15:31:21Z,VT,0.02
2022-12-19T15:31:56Z,BRK.B,1.26
2022-12-19T15:31:56Z,VT,0.02
2022-12-19T15:32:30Z,BRK.B,1.26
2022-12-19T15:32:30Z,VT,0.02
2022-12-19T15:32:48Z,BRK.B,0
2022-12-19T15:32:48Z,VT,0.02
2022-12-22T15:26:39Z,BRK.B,1.21
2022-12-22T15:26:39Z,VT,1.12
2022-12-26T15:26:02Z,BRK.B,1.35
2022-12-26T15:26:02Z,VT,1.31
2022-12-29T15:26:04Z,BRK.B,1.42
2022-12-29T15:26:04Z,VT,1.5
2023-01-02T15:26:04Z,BRK.B,1.83
2023-01-02T15:26:04Z,VT,1.74
2023-01-04T15:28:25Z,BRK.B,1.96
2023-01-04T15:28:25Z,VT,1.87
2023-01-16T15:39:23Z,BRK.B,0.67
2023-01-16T15:39:23Z,VT,0.17
2023-01-16T15:40:03Z,BRK.B,0.67
2023-01-16T15:40:03Z,VT,0.17
2023-01-18T06:56:28Z,BRK.B,0.2
2023-01-18T06:56:28Z,VT,0.23
2023-02-21T17:53:00Z,BRK.B,0
2023-02-21T17:53:00Z,VT,0.02
2023-02-24T15:25:47Z,BRK.B,0.2
2023-02-24T15:25:47Z,VT,0.04
2023-02-27T15:26:23Z,BRK.B,0.59
2023-02-27T15:26:23Z,VT,0.8
2023-03-02T15:26:31Z,BRK.B,0.53
2023-03-02T15:26:31Z,VT,0.72
2023-03-06T15:26:45Z,BRK.B,0.92
2023-03-06T15:26:45Z,VT,0.91
2023-03-09T15:27:12Z,BRK.B,1.46
2023-03-09T15:27:12Z,VT,1.49
2023-03-13T15:26:06Z,BRK.B,1.6
2023-03-13T15:26:06Z,VT,0.02
2023-03-13T15:26:40Z,BRK.B,1.6
2023-03-13T15:26:40Z,VT,0.02
2023-03-13T15:27:05Z,BRK.B,0
2023-03-13T15:27:05Z,VT,0.02
2023-03-16T15:26:33Z,BRK.B,0.79
2023-03-16T15:26:33Z,VT,0.6
2023-03-20T15:27:24Z,BRK.B,1.76
2023-03-20T15:27:24Z,VT,0
2023-03-20T15:28:00Z,BRK.B,1.76
2023-03-20T15:28:00Z,VT,0
2023-03-20T15:28:36Z,BRK.B,1.76
2023-03-20T15:28:36Z,VT,0
2023-03-20T15:29:12Z,BRK.B,1.76
2023-03-20T15:29:12Z,VT,0
2023-03-20T15:29:48Z,BRK.B,1.76
2023-03-20T15:29:48Z,VT,0
2023-03-20T15:30:24Z,BRK.B,1.76
2023-03-20T15:30:24Z,VT,0
2023-03-20T15:31:01Z,BRK.B,1.76
2023-03-20T15:31:01Z,VT,0
2023-03-20T15:31:38Z,BRK.B,1.76
2023-03-20T15:31:38Z,VT,0
2023-03-20T15:32:14Z,BRK.B,1.76
2023-03-20T15:32:14Z,VT,0
2023-03-20T15:32:50Z,BRK.B,1.76
2023-03-20T15:32:50Z,VT,0
2023-03-20T15:33:26Z,BRK.B,1.76
2023-03-20T15:33:26Z,VT,0
2023-03-20T15:34:02Z,BRK.B,1.76
2023-03-20T15:34:02Z,VT,0
2023-03-20T15:34:39Z,BRK.B,1.76
2023-03-20T15:34:39Z,VT,0
2023-03-20T15:35:15Z,BRK.B,1.76
2023-03-20T15:35:15Z,VT,0
2023-03-20T15:35:51Z,BRK.B,1.76
2023-03-20T15:35:51Z,VT,0
2023-03-20T15:36:27Z,BRK.B,1.76
2023-03-20T15:36:27Z,VT,0
2023-03-20T15:37:03Z,BRK.B,1.76
2023-03-20T15:37:03Z,VT,0
2023-03-20T15:37:39Z,BRK.B,1.76
2023-03-20T15:37:39Z,VT,0
2023-03-20T15:38:15Z,BRK.B,1.76
2023-03-20T15:38:15Z,VT,0
2023-03-20T15:38:51Z,BRK.B,1.76
2023-03-20T15:38:51Z,VT,0
2023-03-20T15:39:27Z,BRK.B,1.76
2023-03-20T15:39:27Z,VT,0
2023-03-20T15:40:02Z,BRK.B,1.76
2023-03-20T15:40:02Z,VT,0
2023-03-20T15:40:38Z,BRK.B,1.76
2023-03-20T15:40:38Z,VT,0
2023-03-20T15:41:14Z,BRK.B,1.76
2023-03-20T15:41:14Z,VT,0
2023-03-20T15:41:50Z,BRK.B,1.76
2023-03-20T15:41:50Z,VT,0
2023-03-20T15:42:26Z,BRK.B,1.76
2023-03-20T15:42:26Z,VT,0
2023-03-20T15:43:02Z,BRK.B,1.76
2023-03-20T15:43:02Z,VT,0
2023-03-20T15:43:37Z,BRK.B,1.76
2023-03-20T15:43:37Z,VT,0
2023-03-20T15:44:13Z,BRK.B,1.76
2023-03-20T15:44:13Z,VT,0
2023-03-20T15:44:50Z,BRK.B,1.76
2023-03-20T15:44:50Z,VT,0
2023-03-20T15:45:26Z,BRK.B,1.76
2023-03-20T15:45:26Z,VT,0
2023-03-20T15:46:01Z,BRK.B,1.76
2023-03-20T15:46:01Z,VT,0
2023-03-20T15:46:37Z,BRK.B,1.76
2023-03-20T15:46:37Z,VT,0
2023-03-20T15:47:13Z,BRK.B,1.76
2023-03-20T15:47:13Z,VT,0
2023-03-20T15:47:48Z,BRK.B,1.76
2023-03-20T15:47:48Z,VT,0
2023-03-20T15:48:24Z,BRK.B,1.76
2023-03-20T15:48:24Z,VT,0
2023-03-20T15:48:59Z,BRK.B,1.76
2023-03-20T15:48:59Z,VT,0
2023-03-20T15:49:35Z,BRK.B,1.76
2023-03-20T15:49:35Z,VT,0
2023-03-20T15:50:10Z,BRK.B,1.76
2023-03-20T15:50:10Z,VT,0
2023-03-20T15:50:46Z,BRK.B,1.76
2023-03-20T15:50:46Z,VT,0
2023-03-20T15:51:21Z,BRK.B,1.76
2023-03-20T15:51:21Z,VT,0
2023-03-20T15:51:57Z,BRK.B,1.76
2023-03-20T15:51:57Z,VT,0
2023-03-20T15:52:33Z,BRK.B,1.76
2023-03-20T15:52:33Z,VT,0
2023-03-20T15:53:09Z,BRK.B,1.76
2023-03-20T15:53:09Z,VT,0
2023-03-20T15:53:46Z,BRK.B,1.76
2023-03-20T15:53:46Z,VT,0
2023-03-20T15:54:21Z,BRK.B,1.76
2023-03-20T15:54:21Z,VT,0
2023-03-20T15:54:57Z,BRK.B,1.76
2023-03-20T15:54:57Z,VT,0
2023-03-20T15:55:33Z,BRK.B,1.76
2023-03-20T15:55:33Z,VT,0
2023-03-20T15:56:08Z,BRK.B,1.76
2023-03-20T15:56:08Z,VT,0
2023-03-20T15:56:44Z,BRK.B,1.76
2023-03-20T15:56:44Z,VT,0
2023-03-20T15:57:20Z,BRK.B,1.76
2023-03-20T15:57:20Z,VT,0
2023-03-20T15:57:55Z,BRK.B,1.76
2023-03-20T15:57:55Z,VT,0
2023-03-20T15:58:31Z,BRK.B,1.76
2023-03-20T15:58:31Z,VT,0
2023-03-20T15:59:07Z,BRK.B,1.76
2023-03-20T15:59:07Z,VT,0
2023-03-20T15:59:42Z,BRK.B,1.76
2023-03-20T15:59:42Z,VT,0
2023-03-20T16:00:10Z,BRK.B,0
2023-03-20T16:00:10Z,VT,0.02
2023-03-23T15:26:05Z,BRK.B,0.72
2023-03-23T15:26:05Z,VT,0.02
2023-03-23T15:26:40Z,BRK.B,0.72
2023-03-23T15:26:40Z,VT,0.02
2023-03-23T15:27:14Z,BRK.B,0.72
2023-03-23T15:27:14Z,VT,0.02
2023-03-23T15:27:49Z,BRK.B,0.72
2023-03-23T15:27:49Z,VT,0.02
2023-03-23T15:28:23Z,BRK.B,0.72
2023-03-23T15:28:23Z,VT,0.02
2023-03-23T15:28:58Z,BRK.B,0.72
2023-03-23T15:28:58Z,VT,0.02
2023-03-23T15:29:32Z,BRK.B,0.72
2023-03-23T15:29:32Z,VT,0.02
2023-03-23T15:30:07Z,BRK.B,0.72
2023-03-23T15:30:07Z,VT,0.02
2023-03-23T15:30:41Z,BRK.B,0.72
2023-03-23T15:30:41Z,VT,0.02
2023-03-23T15:31:15Z,BRK.B,0.72
2023-03-23T15:31:15Z,VT,0.02
2023-03-23T15:31:50Z,BRK.B,0.72
2023-03-23T15:31:50Z,VT,0.02
2023-03-23T15:32:24Z,BRK.B,0.72
2023-03-23T15:32:24Z,VT,0.02
2023-03-23T15:32:58Z,BRK.B,0.72
2023-03-23T15:32:58Z,VT,0.02
2023-03-23T15:33:33Z,BRK.B,0.72
2023-03-23T15:33:33Z,VT,0.02
2023-03-23T15:34:07Z,BRK.B,0.72
2023-03-23T15:34:07Z,VT,0.02
2023-03-23T15:34:41Z,BRK.B,0.72
2023-03-23T15:34:41Z,VT,0.02
2023-03-23T15:35:16Z,BRK.B,0.72
2023-03-23T15:35:16Z,VT,0.02
2023-03-23T15:35:50Z,BRK.B,0.72
2023-03-23T15:35:50Z,VT,0.02
2023-03-23T15:36:25Z,BRK.B,0.72
2023-03-23T15:36:25Z,VT,0.02
2023-03-23T15:36:42Z,BRK.B,0
2023-03-23T15:36:42Z,VT,0.02
2023-03-27T15:26:09Z,BRK.B,0.39
2023-03-27T15:26:09Z,VT,0.35
2023-03-30T15:25:23Z,BRK.B,0.13
2023-03-30T15:25:23Z,VT,0.25
2023-04-03T15:25:00Z,BRK.B,0
2023-04-03T15:25:00Z,VT,0
2023-04-06T15:23:41Z,BRK.B,0.53
2023-04-06T15:23:41Z,VT,0.49
2023-04-10T15:23:53Z,BRK.B,0.73
2023-04-10T15:23:53Z,VT,0.62
2023-04-13T15:24:51Z,BRK.B,0.93
2023-04-13T15:24:51Z,VT,0.83
2023-04-17T15:25:28Z,BRK.B,1.33
2023-04-17T15:25:28Z,VT,1.08
2023-04-17T15:26:03Z,BRK.B,1.33
2023-04-17T15:26:03Z,VT,0
2023-04-17T15:26:38Z,BRK.B,1.33
2023-04-17T15:26:38Z,VT,0
2023-04-17T15:27:12Z,BRK.B,1.33
2023-04-17T15:27:12Z,VT,0
2023-04-17T15:27:47Z,BRK.B,1.33
2023-04-17T15:27:47Z,VT,0
2023-04-17T15:28:22Z,BRK.B,1.33
2023-04-17T15:28:22Z,VT,0
2023-04-17T15:28:56Z,BRK.B,1.33
2023-04-17T15:28:56Z,VT,0
2023-04-17T15:29:31Z,BRK.B,1.33
2023-04-17T15:29:31Z,VT,0
2023-04-17T15:30:05Z,BRK.B,1.33
2023-04-17T15:30:05Z,VT,0
2023-04-17T15:30:40Z,BRK.B,1.33
2023-04-17T15:30:40Z,VT,0
2023-04-17T15:31:15Z,BRK.B,1.33
2023-04-17T15:31:15Z,VT,0
2023-04-17T15:31:49Z,BRK.B,1.33
2023-04-17T15:31:49Z,VT,0
2023-04-17T15:32:24Z,BRK.B,1.33
2023-04-17T15:32:24Z,VT,0
2023-04-17T15:32:58Z,BRK.B,1.33
2023-04-17T15:32:58Z,VT,0
2023-04-17T15:33:33Z,BRK.B,1.33
2023-04-17T15:33:33Z,VT,0
2023-04-17T15:34:08Z,BRK.B,1.33
2023-04-17T15:34:08Z,VT,0
2023-04-17T15:34:42Z,BRK.B,1.33
2023-04-17T15:34:42Z,VT,0
2023-04-17T15:35:17Z,BRK.B,1.33
2023-04-17T15:35:17Z,VT,0
2023-04-17T15:35:51Z,BRK.B,1.33
2023-04-17T15:35:51Z,VT,0
2023-04-17T15:36:26Z,BRK.B,1.33
2023-04-17T15:36:26Z,VT,0
2023-04-17T15:37:00Z,BRK.B,1.33
2023-04-17T15:37:00Z,VT,0
2023-04-17T15:37:35Z,BRK.B,1.33
2023-04-17T15:37:35Z,VT,0
2023-04-17T15:38:10Z,BRK.B,1.33
2023-04-17T15:38:10Z,VT,0
2023-04-17T15:38:44Z,BRK.B,1.33
2023-04-17T15:38:44Z,VT,0
2023-04-17T15:39:19Z,BRK.B,1.33
2023-04-17T15:39:19Z,VT,0
2023-04-17T15:39:53Z,BRK.B,1.33
2023-04-17T15:39:53Z,VT,0
2023-04-17T15:40:28Z,BRK.B,1.33
2023-04-17T15:40:28Z,VT,0
2023-04-17T15:41:02Z,BRK.B,1.33
2023-04-17T15:41:02Z,VT,0
2023-04-17T15:41:37Z,BRK.B,1.33
2023-04-17T15:41:37Z,VT,0
2023-04-17T15:42:12Z,BRK.B,1.33
2023-04-17T15:42:12Z,VT,0
2023-04-17T15:42:46Z,BRK.B,1.33
2023-04-17T15:42:46Z,VT,0
2023-04-17T15:43:21Z,BRK.B,1.33
2023-04-17T15:43:21Z,VT,0
2023-04-17T15:43:55Z,BRK.B,1.33
2023-04-17T15:43:55Z,VT,0
2023-04-17T15:44:30Z,BRK.B,1.33
2023-04-17T15:44:30Z,VT,0
2023-04-17T15:45:04Z,BRK.B,1.33
2023-04-17T15:45:04Z,VT,0
2023-04-17T15:45:39Z,BRK.B,1.33
2023-04-17T15:45:39Z,VT,0
2023-04-17T15:46:13Z,BRK.B,1.33
2023-04-17T15:46:13Z,VT,0
2023-04-17T15:46:48Z,BRK.B,1.33
2023-04-17T15:46:48Z,VT,0
2023-04-17T15:47:22Z,BRK.B,1.33
2023-04-17T15:47:22Z,VT,0
2023-04-17T15:47:57Z,BRK.B,1.13
2023-04-17T15:47:57Z,VT,0
2023-04-17T15:48:32Z,BRK.B,1.13
2023-04-17T15:48:32Z,VT,0
2023-04-17T15:49:06Z,BRK.B,1.13
2023-04-17T15:49:06Z,VT,0
2023-04-17T15:49:41Z,BRK.B,1.13
2023-04-17T15:49:41Z,VT,0
2023-04-17T15:50:15Z,BRK.B,1.13
2023-04-17T15:50:15Z,VT,0
2023-04-17T15:50:50Z,BRK.B,1.13
2023-04-17T15:50:50Z,VT,0
2023-04-17T15:51:24Z,BRK.B,0.2
2023-04-17T15:51:24Z,VT,0
2023-04-20T15:25:16Z,BRK.B,0.67
2023-04-20T15:25:16Z,VT,0
2023-04-20T15:25:50Z,BRK.B,0.67
2023-04-20T15:25:50Z,VT,0
2023-04-20T15:26:24Z,BRK.B,0.67
2023-04-20T15:26:24Z,VT,0
2023-04-20T15:26:58Z,BRK.B,0.67
2023-04-20T15:26:58Z,VT,0
2023-04-20T15:27:32Z,BRK.B,0.67
2023-04-20T15:27:32Z,VT,0
2023-04-20T15:28:06Z,BRK.B,0.67
2023-04-20T15:28:06Z,VT,0
2023-04-20T15:28:40Z,BRK.B,0.67
2023-04-20T15:28:40Z,VT,0
2023-04-20T15:29:14Z,BRK.B,0.67
2023-04-20T15:29:14Z,VT,0
2023-04-20T15:29:48Z,BRK.B,0.67
2023-04-20T15:29:48Z,VT,0
2023-04-20T15:30:22Z,BRK.B,0.67
2023-04-20T15:30:22Z,VT,0
2023-04-20T15:30:55Z,BRK.B,0.67
2023-04-20T15:30:55Z,VT,0
2023-04-20T15:31:29Z,BRK.B,0.67
2023-04-20T15:31:29Z,VT,0
2023-04-20T15:32:03Z,BRK.B,0.67
2023-04-20T15:32:03Z,VT,0
2023-04-20T15:32:37Z,BRK.B,0.67
2023-04-20T15:32:37Z,VT,0
2023-04-20T15:33:11Z,BRK.B,0.67
2023-04-20T15:33:11Z,VT,0
2023-04-20T15:33:45Z,BRK.B,0.67
2023-04-20T15:33:45Z,VT,0
2023-04-20T15:34:19Z,BRK.B,0.67
2023-04-20T15:34:19Z,VT,0
2023-04-20T15:34:53Z,BRK.B,0.67
2023-04-20T15:34:53Z,VT,0
2023-04-20T15:35:27Z,BRK.B,0.67
2023-04-20T15:35:27Z,VT,0
2023-04-20T15:36:01Z,BRK.B,0.67
2023-04-20T15:36:01Z,VT,0
2023-04-20T15:36:35Z,BRK.B,0.67
2023-04-20T15:36:35Z,VT,0
2023-04-20T15:37:08Z,BRK.B,0.67
2023-04-20T15:37:08Z,VT,0
2023-04-20T15:37:42Z,BRK.B,0.67
2023-04-20T15:37:42Z,VT,0
2023-04-20T15:38:16Z,BRK.B,0.67
2023-04-20T15:38:16Z,VT,0
2023-04-20T15:38:50Z,BRK.B,0.67
2023-04-20T15:38:50Z,VT,0
2023-04-20T15:39:24Z,BRK.B,0.67
2023-04-20T15:39:24Z,VT,0
2023-04-20T15:39:58Z,BRK.B,0.67
2023-04-20T15:39:58Z,VT,0
2023-04-20T15:40:32Z,BRK.B,0.67
2023-04-20T15:40:32Z,VT,0
2023-04-20T15:41:06Z,BRK.B,0.67
2023-04-20T15:41:06Z,VT,0
2023-04-20T15:41:40Z,BRK.B,0.67
2023-04-20T15:41:40Z,VT,0
2023-04-20T15:42:13Z,BRK.B,0.67
2023-04-20T15:42:13Z,VT,0
2023-04-20T15:42:47Z,BRK.B,0.67
2023-04-20T15:42:47Z,VT,0
2023-04-20T15:43:21Z,BRK.B,0.67
2023-04-20T15:43:21Z,VT,0
2023-04-20T15:43:55Z,BRK.B,0.67
2023-04-20T15:43:55Z,VT,0
2023-04-20T15:44:29Z,BRK.B,0.67
2023-04-20T15:44:29Z,VT,0
2023-04-20T15:45:02Z,BRK.B,0.67
2023-04-20T15:45:02Z,VT,0
2023-04-20T15:45:36Z,BRK.B,0.67
2023-04-20T15:45:36Z,VT,0
2023-04-20T15:46:10Z,BRK.B,0.67
2023-04-20T15:46:10Z,VT,0
2023-04-20T15:46:44Z,BRK.B,0.67
2023-04-20T15:46:44Z,VT,0
2023-04-20T15:47:18Z,BRK.B,0.67
2023-04-20T15:47:18Z,VT,0
2023-04-20T15:47:51Z,BRK.B,0.67
2023-04-20T15:47:51Z,VT,0
2023-04-20T15:48:25Z,BRK.B,0.67
2023-04-20T15:48:25Z,VT,0
2023-04-20T15:48:59Z,BRK.B,0.67
2023-04-20T15:48:59Z,VT,0
2023-04-20T15:49:33Z,BRK.B,0.67
2023-04-20T15:49:33Z,VT,0
2023-04-20T15:50:07Z,BRK.B,0.67
2023-04-20T15:50:07Z,VT,0
2023-04-20T15:50:40Z,BRK.B,0.67
2023-04-20T15:50:40Z,VT,0
2023-04-20T15:51:14Z,BRK.B,0.67
2023-04-20T15:51:14Z,VT,0
2023-04-20T15:51:48Z,BRK.B,0.67
2023-04-20T15:51:48Z,VT,0
2023-04-20T15:52:22Z,BRK.B,0.67
2023-04-20T15:52:22Z,VT,0
2023-04-20T15:52:56Z,BRK.B,0.67
2023-04-20T15:52:56Z,VT,0
2023-04-20T15:53:29Z,BRK.B,0.67
2023-04-20T15:53:29Z,VT,0
2023-04-20T15:54:03Z,BRK.B,0.67
2023-04-20T15:54:03Z,VT,0
2023-04-20T15:54:37Z,BRK.B,0.67
2023-04-20T15:54:37Z,VT,0
2023-04-20T15:55:11Z,BRK.B,0.67
2023-04-20T15:55:11Z,VT,0
2023-04-20T15:55:45Z,BRK.B,0.67
2023-04-20T15:55:45Z,VT,0
2023-04-20T15:56:19Z,BRK.B,0.67
2023-04-20T15:56:19Z,VT,0
2023-04-20T15:56:52Z,BRK.B,0.67
2023-04-20T15:56:52Z,VT,0
2023-04-20T15:57:26Z,BRK.B,0.67
2023-04-20T15:57:26Z,VT,0
2023-04-20T15:58:00Z,BRK.B,0.67
2023-04-20T15:58:00Z,VT,0
2023-04-20T15:58:34Z,BRK.B,0.67
2023-04-20T15:58:34Z,VT,0
2023-04-20T15:59:08Z,BRK.B,0.67
2023-04-20T15:59:08Z,VT,0
2023-04-20T15:59:42Z,BRK.B,0.67
2023-04-20T15:59:42Z,VT,0
2023-04-20T16:00:15Z,BRK.B,0.67
2023-04-20T16:00:15Z,VT,0
2023-04-20T16:00:49Z,BRK.B,0.67
2023-04-20T16:00:49Z,VT,0
2023-04-20T16:01:23Z,BRK.B,0.67
2023-04-20T16:01:23Z,VT,0
2023-04-20T16:01:57Z,BRK.B,0.67
2023-04-20T16:01:57Z,VT,0
2023-04-20T16:02:31Z,BRK.B,0.67
2023-04-20T16:02:31Z,VT,0
2023-04-20T16:03:05Z,BRK.B,0.67
2023-04-20T16:03:05Z,VT,0
2023-04-20T16:03:39Z,BRK.B,0.2
2023-04-20T16:03:39Z,VT,0
2023-04-24T15:24:46Z,BRK.B,0.54
2023-04-24T15:24:46Z,VT,0.36
2023-04-27T15:23:59Z,BRK.B,0.81
2023-04-27T15:23:59Z,VT,0.73
2023-05-01T15:24:39Z,BRK.B,1.01
2023-05-01T15:24:39Z,VT,0
2023-05-01T15:25:13Z,BRK.B,1.01
2023-05-01T15:25:13Z,VT,0
2023-05-01T15:25:47Z,BRK.B,1.01
2023-05-01T15:25:47Z,VT,0
2023-05-01T15:26:21Z,BRK.B,1.01
2023-05-01T15:26:21Z,VT,0
2023-05-01T15:26:55Z,BRK.B,1.01
2023-05-01T15:26:55Z,VT,0
2023-05-01T15:27:29Z,BRK.B,1.01
2023-05-01T15:27:29Z,VT,0
2023-05-01T15:28:02Z,BRK.B,1.01
2023-05-01T15:28:02Z,VT,0
2023-05-01T15:28:36Z,BRK.B,1.01
2023-05-01T15:28:36Z,VT,0
2023-05-01T15:29:10Z,BRK.B,1.01
2023-05-01T15:29:10Z,VT,0
2023-05-01T15:29:44Z,BRK.B,1.01
2023-05-01T15:29:44Z,VT,0
2023-05-01T15:30:18Z,BRK.B,1.01
2023-05-01T15:30:18Z,VT,0
2023-05-01T15:30:52Z,BRK.B,1.01
2023-05-01T15:30:52Z,VT,0
2023-05-01T15:31:26Z,BRK.B,1.01
2023-05-01T15:31:26Z,VT,0
2023-05-01T15:32:00Z,BRK.B,1.01
2023-05-01T15:32:00Z,VT,0
2023-05-01T15:32:34Z,BRK.B,1.01
2023-05-01T15:32:34Z,VT,0
2023-05-01T15:33:08Z,BRK.B,1.01
2023-05-01T15:33:08Z,VT,0
2023-05-01T15:33:42Z,BRK.B,1.01
2023-05-01T15:33:42Z,VT,0
2023-05-01T15:34:16Z,BRK.B,1.01
2023-05-01T15:34:16Z,VT,0
2023-05-01T15:34:49Z,BRK.B,1.01
2023-05-01T15:34:49Z,VT,0
2023-05-01T15:35:23Z,BRK.B,1.01
2023-05-01T15:35:23Z,VT,0
2023-05-01T15:35:57Z,BRK.B,1.01
2023-05-01T15:35:57Z,VT,0
2023-05-01T15:36:31Z,BRK.B,1.01
2023-05-01T15:36:31Z,VT,0
2023-05-01T15:37:05Z,BRK.B,1.01
2023-05-01T15:37:05Z,VT,0
2023-05-01T15:37:39Z,BRK.B,1.01
2023-05-01T15:37:39Z,VT,0
2023-05-01T15:38:13Z,BRK.B,1.01
2023-05-01T15:38:13Z,VT,0
2023-05-01T15:38:47Z,BRK.B,1.01
2023-05-01T15:38:47Z,VT,0
2023-05-01T15:39:21Z,BRK.B,1.01
2023-05-01T15:39:21Z,VT,0
2023-05-01T15:39:55Z,BRK.B,1.01
2023-05-01T15:39:55Z,VT,0
2023-05-01T15:40:29Z,BRK.B,1.01
2023-05-01T15:40:29Z,VT,0
2023-05-01T15:41:02Z,BRK.B,1.01
2023-05-01T15:41:02Z,VT,0
2023-05-01T15:41:36Z,BRK.B,1.01
2023-05-01T15:41:36Z,VT,0
2023-05-01T15:42:10Z,BRK.B,1.01
2023-05-01T15:42:10Z,VT,0
2023-05-01T15:42:44Z,BRK.B,1.01
2023-05-01T15:42:44Z,VT,0
2023-05-01T15:43:18Z,BRK.B,1.01
2023-05-01T15:43:18Z,VT,0
2023-05-01T15:43:51Z,BRK.B,1.01
2023-05-01T15:43:51Z,VT,0
2023-05-01T15:44:25Z,BRK.B,1.01
2023-05-01T15:44:25Z,VT,0
2023-05-01T15:44:59Z,BRK.B,1.01
2023-05-01T15:44:59Z,VT,0
2023-05-01T15:45:33Z,BRK.B,1.01
2023-05-01T15:45:33Z,VT,0
2023-05-01T15:46:06Z,BRK.B,1.01
2023-05-01T15:46:06Z,VT,0
2023-05-01T15:46:40Z,BRK.B,1.01
2023-05-01T15:46:40Z,VT,0
2023-05-01T15:47:14Z,BRK.B,1.01
2023-05-01T15:47:14Z,VT,0
2023-05-01T15:47:48Z,BRK.B,1.01
2023-05-01T15:47:48Z,VT,0
2023-05-01T15:48:22Z,BRK.B,1.01
2023-05-01T15:48:22Z,VT,0
2023-05-01T15:48:55Z,BRK.B,1.01
2023-05-01T15:48:55Z,VT,0
2023-05-01T15:49:29Z,BRK.B,1.01
2023-05-01T15:49:29Z,VT,0
2023-05-01T15:50:03Z,BRK.B,1.01
2023-05-01T15:50:03Z,VT,0
2023-05-01T15:50:37Z,BRK.B,1.01
2023-05-01T15:50:37Z,VT,0
2023-05-01T15:51:11Z,BRK.B,1.01
2023-05-01T15:51:11Z,VT,0
2023-05-01T15:51:44Z,BRK.B,1.01
2023-05-01T15:51:44Z,VT,0
2023-05-01T15:52:18Z,BRK.B,1.01
2023-05-01T15:52:18Z,VT,0
2023-05-01T15:52:52Z,BRK.B,1.01
2023-05-01T15:52:52Z,VT,0
2023-05-01T15:53:26Z,BRK.B,1.01
2023-05-01T15:53:26Z,VT,0
2023-05-01T15:53:59Z,BRK.B,1.01
2023-05-01T15:53:59Z,VT,0
2023-05-01T15:54:33Z,BRK.B,1.01
2023-05-01T15:54:33Z,VT,0
2023-05-01T15:55:07Z,BRK.B,1.01
2023-05-01T15:55:07Z,VT,0
2023-05-01T15:55:41Z,BRK.B,1.01
2023-05-01T15:55:41Z,VT,0
2023-05-01T15:56:14Z,BRK.B,1.01
2023-05-01T15:56:14Z,VT,0
2023-05-01T15:56:48Z,BRK.B,1.01
2023-05-01T15:56:48Z,VT,0
2023-05-01T15:57:22Z,BRK.B,1.01
2023-05-01T15:57:22Z,VT,0
2023-05-01T15:57:56Z,BRK.B,1.01
2023-05-01T15:57:56Z,VT,0
2023-05-01T15:58:29Z,BRK.B,1.01
2023-05-01T15:58:29Z,VT,0
2023-05-01T15:59:03Z,BRK.B,1.01
2023-05-01T15:59:03Z,VT,0
2023-05-01T15:59:37Z,BRK.B,1.01
2023-05-01T15:59:37Z,VT,0
2023-05-01T16:00:11Z,BRK.B,1.01
2023-05-01T16:00:11Z,VT,0
2023-05-01T16:00:44Z,BRK.B,1.01
2023-05-01T16:00:44Z,VT,0
2023-05-01T16:01:18Z,BRK.B,1.01
2023-05-01T16:01:18Z,VT,0
2023-05-01T16:01:52Z,BRK.B,1.01
2023-05-01T16:01:52Z,VT,0
2023-05-01T16:02:26Z,BRK.B,1.01
2023-05-01T16:02:26Z,VT,0
2023-05-01T16:03:00Z,BRK.B,1.01
2023-05-01T16:03:00Z,VT,0
2023-05-01T16:03:33Z,BRK.B,1.01
2023-05-01T16:03:33Z,VT,0
2023-05-01T16:04:07Z,BRK.B,1.01
2023-05-01T16:04:07Z,VT,0
2023-05-01T16:04:41Z,BRK.B,1.01
2023-05-01T16:04:41Z,VT,0
2023-05-01T16:05:14Z,BRK.B,1.01
2023-05-01T16:05:14Z,VT,0
2023-05-01T16:05:48Z,BRK.B,1.01
2023-05-01T16:05:48Z,VT,0
2023-05-01T16:06:22Z,BRK.B,1.01
2023-05-01T16:06:22Z,VT,0
2023-05-01T16:06:56Z,BRK.B,1.01
2023-05-01T16:06:56Z,VT,0
2023-05-01T16:07:30Z,BRK.B,1.01
2023-05-01T16:07:30Z,VT,0
2023-05-01T16:08:04Z,BRK.B,1.01
2023-05-01T16:08:04Z,VT,0
2023-05-01T16:08:38Z,BRK.B,0
2023-05-01T16:08:38Z,VT,0
2023-05-04T15:24:52Z,BRK.B,0.13
2023-05-04T15:24:52Z,VT,0.06
2023-05-08T15:24:30Z,BRK.B,0.6
2023-05-08T15:24:30Z,VT,0.54
2023-05-11T15:24:22Z,BRK.B,0.73
2023-05-11T15:24:22Z,VT,0.6
2023-05-15T15:24:16Z,BRK.B,0.54
2023-05-15T15:24:16Z,VT,0.4
2024-03-15T18:29:02Z,BRK.B,1.74
2024-03-15T18:29:02Z,VT,0.46
2024-03-15T18:29:37Z,BRK.B,1.74
2024-03-15T18:29:37Z,VT,0.46
2024-03-15T18:30:12Z,BRK.B,1.74
2024-03-15T18:30:12Z,VT,0
2024-03-15T18:30:46Z,BRK.B,1.74
2024-03-15T18:30:46Z,VT,0
2024-03-15T18:31:21Z,BRK.B,1.74
2024-03-15T18:31:21Z,VT,0
2024-03-15T18:31:55Z,BRK.B,0.87
2024-03-15T18:31:55Z,VT,0
2024-03-15T18:32:13Z,BRK.B,0
2024-03-15T18:32:13Z,VT,0
2024-03-18T18:28:23Z,BRK.B,0.88
2024-03-18T18:28:23Z,VT,0
2024-03-18T18:28:57Z,BRK.B,0.88
2024-03-18T18:28:57Z,VT,0
2024-03-18T18:29:30Z,BRK.B,0.88
2024-03-18T18:29:30Z,VT,0
2024-03-18T18:30:03Z,BRK.B,0.88
2024-03-18T18:30:03Z,VT,0
2024-03-18T18:30:36Z,BRK.B,0.88
2024-03-18T18:30:36Z,VT,0
2024-03-18T18:31:09Z,BRK.B,0.88
2024-03-18T18:31:09Z,VT,0
2024-03-18T18:31:42Z,BRK.B,0.88
2024-03-18T18:31:42Z,VT,0
2024-03-18T18:32:15Z,BRK.B,0.88
2024-03-18T18:32:15Z,VT,0
2024-03-18T18:32:48Z,BRK.B,0.88
2024-03-18T18:32:48Z,VT,0
2024-03-18T18:33:21Z,BRK.B,0.88
2024-03-18T18:33:21Z,VT,0
2024-03-18T18:33:54Z,BRK.B,0.88
2024-03-18T18:33:54Z,VT,0
2024-03-18T18:34:27Z,BRK.B,0.88
2024-03-18T18:34:27Z,VT,0
2024-03-18T18:35:00Z,BRK.B,0.88
2024-03-18T18:35:00Z,VT,0
2024-03-18T18:35:33Z,BRK.B,0.88
2024-03-18T18:35:33Z,VT,0
2024-03-18T18:36:06Z,BRK.B,0.88
2024-03-18T18:36:06Z,VT,0
2024-03-18T18:36:39Z,BRK.B,0.88
2024-03-18T18:36:39Z,VT,0
2024-03-18T18:37:12Z,BRK.B,0.88
2024-03-18T18:37:12Z,VT,0
2024-03-18T18:37:45Z,BRK.B,0
2024-03-18T18:37:45Z,VT,0
2024-05-15T18:29:50Z,BRK.B,20.33
2024-05-15T18:29:50Z,VT,0
2024-05-15T18:30:25Z,BRK.B,20.33
2024-05-15T18:30:25Z,VT,0
2024-05-15T18:30:59Z,BRK.B,20.33
2024-05-15T18:30:59Z,VT,0
2024-05-15T18:31:34Z,BRK.B,20.33
2024-05-15T18:31:34Z,VT,0
2024-05-15T18:32:08Z,BRK.B,20.33
2024-05-15T18:32:08Z,VT,0
2024-05-15T18:32:43Z,BRK.B,20.33
2024-05-15T18:32:43Z,VT,0
2024-05-15T18:33:18Z,BRK.B,20.33
2024-05-15T18:33:18Z,VT,0
2024-05-15T18:33:52Z,BRK.B,20.33
2024-05-15T18:33:52Z,VT,0
2024-05-15T18:34:27Z,BRK.B,20.33
2024-05-15T18:34:27Z,VT,0
2024-05-15T18:35:01Z,BRK.B,20.33
2024-05-15T18:35:01Z,VT,0
2024-05-15T18:35:28Z,BRK.B,0.81
2024-05-15T18:35:28Z,VT,0
2024-05-15T18:35:37Z,BRK.B,0
2024-05-15T18:35:37Z,VT,0
2024-05-20T18:29:37Z,BRK.B,0
2024-05-20T18:29:37Z,VT,0
2024-05-23T18:28:51Z,BRK.B,0
2024-05-23T18:28:51Z,VT,0
2024-05-27T18:28:54Z,BRK.B,0.81
2024-05-27T18:28:54Z,VT,0.88
2024-05-29T18:30:13Z,BRK.B,1.6
2024-05-29T18:30:13Z,VT,0
2024-05-29T18:30:47Z,BRK.B,1.6
2024-05-29T18:30:47Z,VT,0
2024-05-29T18:31:22Z,BRK.B,1.6
2024-05-29T18:31:22Z,VT,0
2024-05-29T18:31:56Z,BRK.B,1.6
2024-05-29T18:31:56Z,VT,0
2024-05-29T18:32:30Z,BRK.B,1.6
2024-05-29T18:32:30Z,VT,0
2024-05-29T18:33:05Z,BRK.B,1.6
2024-05-29T18:33:05Z,VT,0
2024-05-29T18:33:39Z,BRK.B,1.6
2024-05-29T18:33:39Z,VT,0
2024-05-29T18:34:13Z,BRK.B,1.6
2024-05-29T18:34:13Z,VT,0
2024-05-29T18:34:48Z,BRK.B,1.6
2024-05-29T18:34:48Z,VT,0
2024-05-29T18:35:22Z,BRK.B,1.6
2024-05-29T18:35:22Z,VT,0
2024-05-29T18:35:56Z,BRK.B,1.6
2024-05-29T18:35:56Z,VT,0
2024-05-29T18:36:31Z,BRK.B,1.6
2024-05-29T18:36:31Z,VT,0
2024-05-29T18:37:05Z,BRK.B,1.6
2024-05-29T18:37:05Z,VT,0
2024-05-29T18:37:39Z,BRK.B,1.6
2024-05-29T18:37:39Z,VT,0
2024-05-29T18:38:14Z,BRK.B,1.6
2024-05-29T18:38:14Z,VT,0
2024-05-29T18:38:48Z,BRK.B,1.6
2024-05-29T18:38:48Z,VT,0
2024-05-29T18:39:22Z,BRK.B,1.6
2024-05-29T18:39:22Z,VT,0
2024-05-29T18:39:56Z,BRK.B,1.6
2024-05-29T18:39:56Z,VT,0
2024-05-29T18:40:31Z,BRK.B,1.6
2024-05-29T18:40:31Z,VT,0
2024-05-29T18:41:05Z,BRK.B,1.6
2024-05-29T18:41:05Z,VT,0
2024-05-29T18:41:39Z,BRK.B,1.6
2024-05-29T18:41:39Z,VT,0
2024-05-29T18:42:14Z,BRK.B,1.6
2024-05-29T18:42:14Z,VT,0
2024-05-29T18:42:48Z,BRK.B,1.6
2024-05-29T18:42:48Z,VT,0
2024-05-29T18:43:22Z,BRK.B,1.6
2024-05-29T18:43:22Z,VT,0
2024-05-29T18:43:56Z,BRK.B,1.6
2024-05-29T18:43:56Z,VT,0
2024-05-29T18:44:31Z,BRK.B,1.6
2024-05-29T18:44:31Z,VT,0
2024-05-29T18:45:05Z,BRK.B,1.6
2024-05-29T18:45:05Z,VT,0
2024-05-29T18:45:39Z,BRK.B,1.6
2024-05-29T18:45:39Z,VT,0
2024-05-29T18:46:13Z,BRK.B,1.6
2024-05-29T18:46:13Z,VT,0
2024-05-29T18:46:48Z,BRK.B,1.6
2024-05-29T18:46:48Z,VT,0
2024-05-29T18:47:22Z,BRK.B,1.6
2024-05-29T18:47:22Z,VT,0
2024-05-29T18:47:56Z,BRK.B,1.6
2024-05-29T18:47:56Z,VT,0
2024-05-29T18:48:30Z,BRK.B,1.6
2024-05-29T18:48:30Z,VT,0
2024-05-29T18:49:05Z,BRK.B,1.6
2024-05-29T18:49:05Z,VT,0
2024-05-29T18:49:39Z,BRK.B,1.6
2024-05-29T18:49:39Z,VT,0
2024-05-29T18:50:13Z,BRK.B,1.6
2024-05-29T18:50:13Z,VT,0
2024-05-29T18:50:47Z,BRK.B,1.6
2024-05-29T18:50:47Z,VT,0
2024-05-29T18:51:22Z,BRK.B,1.6
2024-05-29T18:51:22Z,VT,0
2024-05-29T18:51:56Z,BRK.B,1.6
2024-05-29T18:51:56Z,VT,0
2024-05-29T18:52:30Z,BRK.B,1.6
2024-05-29T18:52:30Z,VT,0
2024-05-29T18:53:05Z,BRK.B,1.6
2024-05-29T18:53:05Z,VT,0
2024-05-29T18:53:39Z,BRK.B,1.6
2024-05-29T18:53:39Z,VT,0
2024-05-29T18:54:13Z,BRK.B,1.6
2024-05-29T18:54:13Z,VT,0
2024-05-29T18:54:47Z,BRK.B,1.6
2024-05-29T18:54:47Z,VT,0
2024-05-29T18:55:22Z,BRK.B,1.6
2024-05-29T18:55:22Z,VT,0
2024-05-29T18:55:56Z,BRK.B,1.6
2024-05-29T18:55:56Z,VT,0
2024-05-29T18:56:30Z,BRK.B,1.6
2024-05-29T18:56:30Z,VT,0
2024-05-29T18:57:04Z,BRK.B,1.6
2024-05-29T18:57:04Z,VT,0
2024-05-29T18:57:39Z,BRK.B,1.6
2024-05-29T18:57:39Z,VT,0
2024-05-29T18:58:13Z,BRK.B,1.6
2024-05-29T18:58:13Z,VT,0
2024-05-29T18:58:47Z,BRK.B,1.6
2024-05-29T18:58:47Z,VT,0
2024-05-29T18:59:22Z,BRK.B,1.6
2024-05-29T18:59:22Z,VT,0
2024-05-29T18:59:56Z,BRK.B,1.6
2024-05-29T18:59:56Z,VT,0
2024-05-29T19:00:30Z,BRK.B,1.6
2024-05-29T19:00:30Z,VT,0
2024-05-29T19:01:04Z,BRK.B,1.6
2024-05-29T19:01:04Z,VT,0
2024-05-29T19:01:39Z,BRK.B,1.6
2024-05-29T19:01:39Z,VT,0
2024-05-29T19:02:13Z,BRK.B,1.6
2024-05-29T19:02:13Z,VT,0
2024-05-29T19:02:47Z,BRK.B,1.6
2024-05-29T19:02:47Z,VT,0
2024-05-29T19:03:21Z,BRK.B,1.6
2024-05-29T19:03:21Z,VT,0
2024-05-29T19:03:56Z,BRK.B,1.6
2024-05-29T19:03:56Z,VT,0
2024-05-29T19:04:30Z,BRK.B,1.6
2024-05-29T19:04:30Z,VT,0
2024-05-29T19:05:04Z,BRK.B,1.6
2024-05-29T19:05:04Z,VT,0
2024-05-29T19:05:39Z,BRK.B,1.6
2024-05-29T19:05:39Z,VT,0
2024-05-29T19:06:13Z,BRK.B,1.6
2024-05-29T19:06:13Z,VT,0
2024-05-29T19:06:47Z,BRK.B,1.6
2024-05-29T19:06:47Z,VT,0
2024-05-29T19:07:21Z,BRK.B,1.6
2024-05-29T19:07:21Z,VT,0
2024-05-29T19:07:56Z,BRK.B,1.6
2024-05-29T19:07:56Z,VT,0
2024-05-29T19:08:30Z,BRK.B,1.6
2024-05-29T19:08:30Z,VT,0
2024-05-29T19:09:04Z,BRK.B,1.6
2024-05-29T19:09:04Z,VT,0
2024-05-29T19:09:39Z,BRK.B,1.6
2024-05-29T19:09:39Z,VT,0
2024-05-29T19:10:13Z,BRK.B,1.6
2024-05-29T19:10:13Z,VT,0
2024-05-29T19:10:48Z,BRK.B,1.6
2024-05-29T19:10:48Z,VT,0
2024-05-29T19:11:22Z,BRK.B,1.6
2024-05-29T19:11:22Z,VT,0
2024-05-29T19:11:56Z,BRK.B,1.6
2024-05-29T19:11:56Z,VT,0
2024-05-29T19:12:30Z,BRK.B,1.6
2024-05-29T19:12:30Z,VT,0
2024-05-29T19:13:05Z,BRK.B,1.6
2024-05-29T19:13:05Z,VT,0
2024-05-29T19:13:39Z,BRK.B,1.6
2024-05-29T19:13:39Z,VT,0
2024-05-29T19:14:13Z,BRK.B,1.6
2024-05-29T19:14:13Z,VT,0
2024-05-29T19:14:47Z,BRK.B,1.6
2024-05-29T19:14:47Z,VT,0
2024-05-29T19:15:22Z,BRK.B,1.6
2024-05-29T19:15:22Z,VT,0
2024-05-29T19:15:56Z,BRK.B,1.6
2024-05-29T19:15:56Z,VT,0
2024-05-29T19:16:30Z,BRK.B,1.6
2024-05-29T19:16:30Z,VT,0
2024-05-29T19:17:04Z,BRK.B,1.6
2024-05-29T19:17:04Z,VT,0
2024-05-29T19:17:38Z,BRK.B,1.6
2024-05-29T19:17:38Z,VT,0
2024-05-29T19:18:12Z,BRK.B,1.6
2024-05-29T19:18:12Z,VT,0
2024-05-29T19:18:47Z,BRK.B,1.6
2024-05-29T19:18:47Z,VT,0
2024-05-29T19:19:21Z,BRK.B,1.6
2024-05-29T19:19:21Z,VT,0
2024-05-29T19:19:55Z,BRK.B,1.6
2024-05-29T19:19:55Z,VT,0
2024-05-29T19:20:29Z,BRK.B,1.6
2024-05-29T19:20:29Z,VT,0
2024-05-29T19:21:03Z,BRK.B,1.6
2024-05-29T19:21:03Z,VT,0
2024-05-29T19:21:38Z,BRK.B,1.6
2024-05-29T19:21:38Z,VT,0
2024-05-29T19:22:12Z,BRK.B,1.6
2024-05-29T19:22:12Z,VT,0
2024-05-29T19:22:46Z,BRK.B,1.6
2024-05-29T19:22:46Z,VT,0
2024-05-29T19:23:20Z,BRK.B,1.6
2024-05-29T19:23:20Z,VT,0
2024-05-29T19:23:54Z,BRK.B,1.6
2024-05-29T19:23:54Z,VT,0
2024-05-29T19:24:29Z,BRK.B,1.6
2024-05-29T19:24:29Z,VT,0
2024-05-29T19:25:03Z,BRK.B,1.6
2024-05-29T19:25:03Z,VT,0
2024-05-29T19:25:37Z,BRK.B,1.6
2024-05-29T19:25:37Z,VT,0
2024-05-29T19:26:11Z,BRK.B,1.6
2024-05-29T19:26:11Z,VT,0
2024-05-29T19:26:46Z,BRK.B,1.6
2024-05-29T19:26:46Z,VT,0
2024-05-29T19:27:20Z,BRK.B,1.6
2024-05-29T19:27:20Z,VT,0
2024-05-29T19:27:54Z,BRK.B,1.6
2024-05-29T19:27:54Z,VT,0
2024-05-29T19:28:28Z,BRK.B,1.6
2024-05-29T19:28:28Z,VT,0
2024-05-29T19:29:02Z,BRK.B,1.6
2024-05-29T19:29:02Z,VT,0
2024-05-29T19:29:36Z,BRK.B,1.6
2024-05-29T19:29:36Z,VT,0
2024-05-29T19:30:11Z,BRK.B,1.6
2024-05-29T19:30:11Z,VT,0
2024-05-29T19:30:45Z,BRK.B,1.6
2024-05-29T19:30:45Z,VT,0
2024-05-29T19:31:19Z,BRK.B,1.6
2024-05-29T19:31:19Z,VT,0
2024-05-29T19:31:54Z,BRK.B,1.6
2024-05-29T19:31:54Z,VT,0
2024-05-29T19:32:28Z,BRK.B,1.6
2024-05-29T19:32:28Z,VT,0
2024-05-29T19:33:02Z,BRK.B,1.6
2024-05-29T19:33:02Z,VT,0
2024-05-29T19:33:36Z,BRK.B,1.6
2024-05-29T19:33:36Z,VT,0
2024-05-29T19:34:11Z,BRK.B,1.6
2024-05-29T19:34:11Z,VT,0
2024-05-29T19:34:45Z,BRK.B,1.6
2024-05-29T19:34:45Z,VT,0
2024-05-29T19:35:19Z,BRK.B,1.6
2024-05-29T19:35:19Z,VT,0
2024-05-29T19:35:54Z,BRK.B,1.6
2024-05-29T19:35:54Z,VT,0
2024-05-29T19:36:28Z,BRK.B,1.6
2024-05-29T19:36:28Z,VT,0
2024-05-29T19:37:02Z,BRK.B,1.6
2024-05-29T19:37:02Z,VT,0
2024-05-29T19:37:36Z,BRK.B,1.6
2024-05-29T19:37:36Z,VT,0
2024-05-29T19:38:11Z,BRK.B,1.6
2024-05-29T19:38:11Z,VT,0
2024-05-29T19:38:45Z,BRK.B,1.6
2024-05-29T19:38:45Z,VT,0
2024-05-29T19:39:19Z,BRK.B,1.6
2024-05-29T19:39:19Z,VT,0
2024-05-29T19:39:54Z,BRK.B,1.6
2024-05-29T19:39:54Z,VT,0
2024-05-29T19:40:28Z,BRK.B,1.6
2024-05-29T19:40:28Z,VT,0
2024-05-29T19:41:02Z,BRK.B,1.6
2024-05-29T19:41:02Z,VT,0
2024-05-29T19:41:36Z,BRK.B,1.6
2024-05-29T19:41:36Z,VT,0
2024-05-29T19:42:11Z,BRK.B,1.6
2024-05-29T19:42:11Z,VT,0
2024-05-29T19:42:45Z,BRK.B,1.6
2024-05-29T19:42:45Z,VT,0
2024-05-29T19:43:19Z,BRK.B,1.6
2024-05-29T19:43:19Z,VT,0
2024-05-29T19:43:54Z,BRK.B,1.6
2024-05-29T19:43:54Z,VT,0
2024-05-29T19:44:28Z,BRK.B,1.6
2024-05-29T19:44:28Z,VT,0
2024-05-29T19:45:02Z,BRK.B,1.6
2024-05-29T19:45:02Z,VT,0
2024-05-29T19:45:36Z,BRK.B,1.6
2024-05-29T19:45:36Z,VT,0
2024-05-29T19:46:11Z,BRK.B,1.6
2024-05-29T19:46:11Z,VT,0
2024-05-29T19:46:45Z,BRK.B,1.6
2024-05-29T19:46:45Z,VT,0
2024-05-29T19:47:19Z,BRK.B,1.6
2024-05-29T19:47:19Z,VT,0
2024-05-29T19:47:54Z,BRK.B,1.6
2024-05-29T19:47:54Z,VT,0
2024-05-29T19:48:28Z,BRK.B,1.6
2024-05-29T19:48:28Z,VT,0
2024-05-29T19:49:02Z,BRK.B,1.6
2024-05-29T19:49:02Z,VT,0
2024-05-29T19:49:36Z,BRK.B,1.6
2024-05-29T19:49:36Z,VT,0
2024-05-29T19:50:11Z,BRK.B,1.6
2024-05-29T19:50:11Z,VT,0
2024-05-29T19:50:45Z,BRK.B,1.6
2024-05-29T19:50:45Z,VT,0
2024-05-29T19:51:19Z,BRK.B,1.6
2024-05-29T19:51:19Z,VT,0
2024-05-29T19:51:54Z,BRK.B,1.6
2024-05-29T19:51:54Z,VT,0
2024-05-29T19:52:28Z,BRK.B,1.6
2024-05-29T19:52:28Z,VT,0
2024-05-29T19:53:02Z,BRK.B,1.6
2024-05-29T19:53:02Z,VT,0
2024-05-29T19:53:36Z,BRK.B,1.6
2024-05-29T19:53:36Z,VT,0
2024-05-29T19:54:10Z,BRK.B,1.6
2024-05-29T19:54:10Z,VT,0
2024-05-29T19:54:45Z,BRK.B,1.6
2024-05-29T19:54:45Z,VT,0
2024-05-29T19:55:19Z,BRK.B,1.6
2024-05-29T19:55:19Z,VT,0
2024-05-29T19:55:53Z,BRK.B,1.6
2024-05-29T19:55:53Z,VT,0
2024-05-29T19:56:27Z,BRK.B,1.6
2024-05-29T19:56:27Z,VT,0
2024-05-29T19:57:02Z,BRK.B,1.6
2024-05-29T19:57:02Z,VT,0
2024-05-29T19:57:36Z,BRK.B,1.6
2024-05-29T19:57:36Z,VT,0
2024-05-29T19:58:10Z,BRK.B,1.6
2024-05-29T19:58:10Z,VT,0
2024-05-29T19:58:44Z,BRK.B,1.6
2024-05-29T19:58:44Z,VT,0
2024-05-29T19:59:10Z,BRK.B,0
2024-05-29T19:59:10Z,VT,0
2024-06-03T18:30:26Z,BRK.B,1.63
2024-06-03T18:30:26Z,VT,1.53
2024-06-06T18:30:25Z,BRK.B,0.81
2024-06-06T18:30:25Z,VT,0
2024-06-06T18:30:59Z,BRK.B,0.81
2024-06-06T18:30:59Z,VT,0
2024-06-06T18:31:33Z,BRK.B,0.81
2024-06-06T18:31:33Z,VT,0
2024-06-06T18:32:07Z,BRK.B,0.81
2024-06-06T18:32:07Z,VT,0
2024-06-06T18:32:41Z,BRK.B,0.81
2024-06-06T18:32:41Z,VT,0
2024-06-06T18:33:15Z,BRK.B,0.81
2024-06-06T18:33:15Z,VT,0
2024-06-06T18:33:49Z,BRK.B,0.81
2024-06-06T18:33:49Z,VT,0
2024-06-06T18:34:23Z,BRK.B,0
2024-06-06T18:34:23Z,VT,0
2024-06-10T18:30:27Z,BRK.B,0.81
2024-06-10T18:30:27Z,VT,0.66
2024-06-13T18:30:28Z,BRK.B,0
2024-06-13T18:30:28Z,VT,0
2024-06-17T18:30:20Z,BRK.B,0.8
2024-06-17T18:30:20Z,VT,0
2024-06-17T18:30:53Z,BRK.B,0.8
2024-06-17T18:30:53Z,VT,0
2024-06-17T18:31:25Z,BRK.B,0.8
2024-06-17T18:31:25Z,VT,0
2024-06-17T18:31:58Z,BRK.B,0.8
2024-06-17T18:31:58Z,VT,0
2024-06-17T18:32:31Z,BRK.B,0.8
2024-06-17T18:32:31Z,VT,0
2024-06-17T18:33:04Z,BRK.B,0.8
2024-06-17T18:33:04Z,VT,0
2024-06-17T18:33:36Z,BRK.B,0.8
2024-06-17T18:33:36Z,VT,0
2024-06-17T18:34:09Z,BRK.B,0.8
2024-06-17T18:34:09Z,VT,0
2024-06-17T18:34:42Z,BRK.B,0.8
2024-06-17T18:34:42Z,VT,0
2024-06-17T18:35:15Z,BRK.B,0.8
2024-06-17T18:35:15Z,VT,0
2024-06-17T18:35:47Z,BRK.B,0.8
2024-06-17T18:35:47Z,VT,0
2024-06-17T18:36:20Z,BRK.B,0.8
2024-06-17T18:36:20Z,VT,0
2024-06-17T18:36:53Z,BRK.B,0.8
2024-06-17T18:36:53Z,VT,0
2024-06-17T18:37:25Z,BRK.B,0.8
2024-06-17T18:37:25Z,VT,0
2024-06-17T18:37:58Z,BRK.B,0.8
2024-06-17T18:37:58Z,VT,0
2024-06-17T18:38:31Z,BRK.B,0.8
2024-06-17T18:38:31Z,VT,0
2024-06-17T18:39:04Z,BRK.B,0.8
2024-06-17T18:39:04Z,VT,0
2024-06-17T18:39:36Z,BRK.B,0.8
2024-06-17T18:39:36Z,VT,0
2024-06-17T18:40:09Z,BRK.B,0.8
2024-06-17T18:40:09Z,VT,0
2024-06-17T18:40:42Z,BRK.B,0.8
2024-06-17T18:40:42Z,VT,0
2024-06-17T18:41:15Z,BRK.B,0.8
2024-06-17T18:41:15Z,VT,0
2024-06-17T18:41:47Z,BRK.B,0.8
2024-06-17T18:41:47Z,VT,0
2024-06-17T18:42:20Z,BRK.B,0.8
2024-06-17T18:42:20Z,VT,0
2024-06-17T18:42:53Z,BRK.B,0.8
2024-06-17T18:42:53Z,VT,0
2024-06-17T18:43:25Z,BRK.B,0.8
2024-06-17T18:43:25Z,VT,0
2024-06-17T18:43:58Z,BRK.B,0.8
2024-06-17T18:43:58Z,VT,0
2024-06-17T18:44:31Z,BRK.B,0.8
2024-06-17T18:44:31Z,VT,0
2024-06-17T18:45:04Z,BRK.B,0.8
2024-06-17T18:45:04Z,VT,0
2024-06-17T18:45:36Z,BRK.B,0.8
2024-06-17T18:45:36Z,VT,0
2024-06-17T18:46:09Z,BRK.B,0.8
2024-06-17T18:46:09Z,VT,0
2024-06-17T18:46:42Z,BRK.B,0.8
2024-06-17T18:46:42Z,VT,0
2024-06-17T18:47:14Z,BRK.B,0.8
2024-06-17T18:47:14Z,VT,0
2024-06-17T18:47:47Z,BRK.B,0.8
2024-06-17T18:47:47Z,VT,0
2024-06-17T18:48:20Z,BRK.B,0.8
2024-06-17T18:48:20Z,VT,0
2024-06-17T18:48:53Z,BRK.B,0.8
2024-06-17T18:48:53Z,VT,0
2024-06-17T18:49:25Z,BRK.B,0.8
2024-06-17T18:49:25Z,VT,0
2024-06-17T18:49:58Z,BRK.B,0.8
2024-06-17T18:49:58Z,VT,0
2024-06-17T18:50:31Z,BRK.B,0.8
2024-06-17T18:50:31Z,VT,0
2024-06-17T18:51:03Z,BRK.B,0.8
2024-06-17T18:51:03Z,VT,0
2024-06-17T18:51:36Z,BRK.B,0.8
2024-06-17T18:51:36Z,VT,0
2024-06-17T18:52:09Z,BRK.B,0.8
2024-06-17T18:52:09Z,VT,0
2024-06-17T18:52:41Z,BRK.B,0.8
2024-06-17T18:52:41Z,VT,0
2024-06-17T18:53:14Z,BRK.B,0.8
2024-06-17T18:53:14Z,VT,0
2024-06-17T18:53:47Z,BRK.B,0.8
2024-06-17T18:53:47Z,VT,0
2024-06-17T18:54:20Z,BRK.B,0.8
2024-06-17T18:54:20Z,VT,0
2024-06-17T18:54:52Z,BRK.B,0.8
2024-06-17T18:54:52Z,VT,0
2024-06-17T18:55:25Z,BRK.B,0.8
2024-06-17T18:55:25Z,VT,0
2024-06-17T18:55:58Z,BRK.B,0.8
2024-06-17T18:55:58Z,VT,0
2024-06-17T18:56:30Z,BRK.B,0.8
2024-06-17T18:56:30Z,VT,0
2024-06-17T18:57:03Z,BRK.B,0.8
2024-06-17T18:57:03Z,VT,0
2024-06-17T18:57:36Z,BRK.B,0.8
2024-06-17T18:57:36Z,VT,0
2024-06-17T18:58:08Z,BRK.B,0.8
2024-06-17T18:58:08Z,VT,0
2024-06-17T18:58:41Z,BRK.B,0.8
2024-06-17T18:58:41Z,VT,0
2024-06-17T18:59:14Z,BRK.B,0.8
2024-06-17T18:59:14Z,VT,0
2024-06-17T18:59:47Z,BRK.B,0.8
2024-06-17T18:59:47Z,VT,0
2024-06-17T19:00:19Z,BRK.B,0.8
2024-06-17T19:00:19Z,VT,0
2024-06-17T19:00:52Z,BRK.B,0.8
2024-06-17T19:00:52Z,VT,0
2024-06-17T19:01:25Z,BRK.B,0.8
2024-06-17T19:01:25Z,VT,0
2024-06-17T19:01:57Z,BRK.B,0.8
2024-06-17T19:01:57Z,VT,0
2024-06-17T19:02:30Z,BRK.B,0.8
2024-06-17T19:02:30Z,VT,0
2024-06-17T19:03:03Z,BRK.B,0.8
2024-06-17T19:03:03Z,VT,0
2024-06-17T19:03:35Z,BRK.B,0.8
2024-06-17T19:03:35Z,VT,0
2024-06-17T19:04:08Z,BRK.B,0.8
2024-06-17T19:04:08Z,VT,0
2024-06-17T19:04:41Z,BRK.B,0.8
2024-06-17T19:04:41Z,VT,0
2024-06-17T19:05:14Z,BRK.B,0.8
2024-06-17T19:05:14Z,VT,0
2024-06-17T19:05:46Z,BRK.B,0.8
2024-06-17T19:05:46Z,VT,0
2024-06-17T19:06:19Z,BRK.B,0.8
2024-06-17T19:06:19Z,VT,0
2024-06-17T19:06:52Z,BRK.B,0.8
2024-06-17T19:06:52Z,VT,0
2024-06-17T19:07:24Z,BRK.B,0.8
2024-06-17T19:07:24Z,VT,0
2024-06-17T19:07:57Z,BRK.B,0.8
2024-06-17T19:07:57Z,VT,0
2024-06-17T19:08:30Z,BRK.B,0.8
2024-06-17T19:08:30Z,VT,0
2024-06-17T19:09:03Z,BRK.B,0.8
2024-06-17T19:09:03Z,VT,0
2024-06-17T19:09:36Z,BRK.B,0.8
2024-06-17T19:09:36Z,VT,0
2024-06-17T19:10:08Z,BRK.B,0.8
2024-06-17T19:10:08Z,VT,0
2024-06-17T19:10:41Z,BRK.B,0.8
2024-06-17T19:10:41Z,VT,0
2024-06-17T19:11:14Z,BRK.B,0.8
2024-06-17T19:11:14Z,VT,0
2024-06-17T19:11:46Z,BRK.B,0.8
2024-06-17T19:11:46Z,VT,0
2024-06-17T19:12:19Z,BRK.B,0.8
2024-06-17T19:12:19Z,VT,0
2024-06-17T19:12:52Z,BRK.B,0.8
2024-06-17T19:12:52Z,VT,0
2024-06-17T19:13:24Z,BRK.B,0.8
2024-06-17T19:13:24Z,VT,0
2024-06-17T19:13:57Z,BRK.B,0.8
2024-06-17T19:13:57Z,VT,0
2024-06-17T19:14:30Z,BRK.B,0.8
2024-06-17T19:14:30Z,VT,0
2024-06-17T19:15:03Z,BRK.B,0.8
2024-06-17T19:15:03Z,VT,0
2024-06-17T19:15:35Z,BRK.B,0.8
2024-06-17T19:15:35Z,VT,0
2024-06-17T19:16:08Z,BRK.B,0.8
2024-06-17T19:16:08Z,VT,0
2024-06-17T19:16:41Z,BRK.B,0.8
2024-06-17T19:16:41Z,VT,0
2024-06-17T19:17:13Z,BRK.B,0.8
2024-06-17T19:17:13Z,VT,0
2024-06-17T19:17:46Z,BRK.B,0.8
2024-06-17T19:17:46Z,VT,0
2024-06-17T19:18:19Z,BRK.B,0.8
2024-06-17T19:18:19Z,VT,0
2024-06-17T19:18:52Z,BRK.B,0.8
2024-06-17T19:18:52Z,VT,0
2024-06-17T19:19:24Z,BRK.B,0.8
2024-06-17T19:19:24Z,VT,0
2024-06-17T19:19:57Z,BRK.B,0.8
2024-06-17T19:19:57Z,VT,0
2024-06-17T19:20:30Z,BRK.B,0.8
2024-06-17T19:20:30Z,VT,0
2024-06-17T19:21:02Z,BRK.B,0.8
2024-06-17T19:21:02Z,VT,0
2024-06-17T19:21:35Z,BRK.B,0.8
2024-06-17T19:21:35Z,VT,0
2024-06-17T19:22:08Z,BRK.B,0.8
2024-06-17T19:22:08Z,VT,0
2024-06-17T19:22:41Z,BRK.B,0.8
2024-06-17T19:22:41Z,VT,0
2024-06-17T19:23:13Z,BRK.B,0.8
2024-06-17T19:23:13Z,VT,0
2024-06-17T19:23:46Z,BRK.B,0.8
2024-06-17T19:23:46Z,VT,0
2024-06-17T19:24:19Z,BRK.B,0.8
2024-06-17T19:24:19Z,VT,0
2024-06-17T19:24:52Z,BRK.B,0.8
2024-06-17T19:24:52Z,VT,0
2024-06-17T19:25:24Z,BRK.B,0.8
2024-06-17T19:25:24Z,VT,0
2024-06-17T19:25:57Z,BRK.B,0.8
2024-06-17T19:25:57Z,VT,0
2024-06-17T19:26:30Z,BRK.B,0.8
2024-06-17T19:26:30Z,VT,0
2024-06-17T19:27:03Z,BRK.B,0.8
2024-06-17T19:27:03Z,VT,0
2024-06-17T19:27:35Z,BRK.B,0.8
2024-06-17T19:27:35Z,VT,0
2024-06-17T19:28:08Z,BRK.B,0.8
2024-06-17T19:28:08Z,VT,0
2024-06-17T19:28:41Z,BRK.B,0.8
2024-06-17T19:28:41Z,VT,0
2024-06-17T19:29:13Z,BRK.B,0.8
2024-06-17T19:29:13Z,VT,0
2024-06-17T19:29:46Z,BRK.B,0.8
2024-06-17T19:29:46Z,VT,0
2024-06-17T19:30:19Z,BRK.B,0.8
2024-06-17T19:30:19Z,VT,0
2024-06-17T19:30:51Z,BRK.B,0.8
2024-06-17T19:30:51Z,VT,0
2024-06-17T19:31:24Z,BRK.B,0.8
2024-06-17T19:31:24Z,VT,0
2024-06-17T19:31:57Z,BRK.B,0.8
2024-06-17T19:31:57Z,VT,0
2024-06-17T19:32:30Z,BRK.B,0.8
2024-06-17T19:32:30Z,VT,0
2024-06-17T19:33:02Z,BRK.B,0.8
2024-06-17T19:33:02Z,VT,0
2024-06-17T19:33:35Z,BRK.B,0.8
2024-06-17T19:33:35Z,VT,0
2024-06-17T19:34:08Z,BRK.B,0.8
2024-06-17T19:34:08Z,VT,0
2024-06-17T19:34:40Z,BRK.B,0.8
2024-06-17T19:34:40Z,VT,0
2024-06-17T19:35:13Z,BRK.B,0.8
2024-06-17T19:35:13Z,VT,0
2024-06-17T19:35:46Z,BRK.B,0.8
2024-06-17T19:35:46Z,VT,0
2024-06-17T19:36:19Z,BRK.B,0.8
2024-06-17T19:36:19Z,VT,0
2024-06-17T19:36:51Z,BRK.B,0.8
2024-06-17T19:36:51Z,VT,0
2024-06-17T19:37:24Z,BRK.B,0.8
2024-06-17T19:37:24Z,VT,0
2024-06-17T19:37:57Z,BRK.B,0.8
2024-06-17T19:37:57Z,VT,0
2024-06-17T19:38:29Z,BRK.B,0.8
2024-06-17T19:38:29Z,VT,0
2024-06-17T19:39:02Z,BRK.B,0.8
2024-06-17T19:39:02Z,VT,0
2024-06-17T19:39:35Z,BRK.B,0.8
2024-06-17T19:39:35Z,VT,0
2024-06-17T19:40:07Z,BRK.B,0.8
2024-06-17T19:40:07Z,VT,0
2024-06-17T19:40:40Z,BRK.B,0.8
2024-06-17T19:40:40Z,VT,0
2024-06-17T19:41:13Z,BRK.B,0.8
2024-06-17T19:41:13Z,VT,0
2024-06-17T19:41:46Z,BRK.B,0.8
2024-06-17T19:41:46Z,VT,0
2024-06-17T19:42:18Z,BRK.B,0.8
2024-06-17T19:42:18Z,VT,0
2024-06-17T19:42:51Z,BRK.B,0.8
2024-06-17T19:42:51Z,VT,0
2024-06-17T19:43:24Z,BRK.B,0.8
2024-06-17T19:43:24Z,VT,0
2024-06-17T19:43:57Z,BRK.B,0.8
2024-06-17T19:43:57Z,VT,0
2024-06-17T19:44:29Z,BRK.B,0.8
2024-06-17T19:44:29Z,VT,0
2024-06-17T19:45:02Z,BRK.B,0.8
2024-06-17T19:45:02Z,VT,0
2024-06-17T19:45:35Z,BRK.B,0.8
2024-06-17T19:45:35Z,VT,0
2024-06-17T19:46:07Z,BRK.B,0.8
2024-06-17T19:46:07Z,VT,0
2024-06-17T19:46:40Z,BRK.B,0.8
2024-06-17T19:46:40Z,VT,0
2024-06-17T19:47:13Z,BRK.B,0.8
2024-06-17T19:47:13Z,VT,0
2024-06-17T19:47:46Z,BRK.B,0.8
2024-06-17T19:47:46Z,VT,0
2024-06-17T19:48:18Z,BRK.B,0.8
2024-06-17T19:48:18Z,VT,0
2024-06-17T19:48:51Z,BRK.B,0.8
2024-06-17T19:48:51Z,VT,0
2024-06-17T19:49:24Z,BRK.B,0.8
2024-06-17T19:49:24Z,VT,0
2024-06-17T19:49:57Z,BRK.B,0.8
2024-06-17T19:49:57Z,VT,0
2024-06-17T19:50:29Z,BRK.B,0.8
2024-06-17T19:50:29Z,VT,0
2024-06-17T19:51:02Z,BRK.B,0.8
2024-06-17T19:51:02Z,VT,0
2024-06-17T19:51:35Z,BRK.B,0.8
2024-06-17T19:51:35Z,VT,0
2024-06-17T19:52:07Z,BRK.B,0.8
2024-06-17T19:52:07Z,VT,0
2024-06-17T19:52:40Z,BRK.B,0.8
2024-06-17T19:52:40Z,VT,0
2024-06-17T19:53:13Z,BRK.B,0
2024-06-17T19:53:13Z,VT,0
2024-06-20T18:30:21Z,BRK.B,0
2024-06-20T18:30:21Z,VT,0
2024-06-24T18:29:47Z,BRK.B,0.81
2024-06-24T18:29:47Z,VT,0.66
2024-06-26T18:29:57Z,BRK.B,0.81
2024-06-26T18:29:57Z,VT,0.66
2024-07-01T18:31:04Z,BRK.B,0.81
2024-07-01T18:31:04Z,VT,0.22
2024-07-01T18:31:39Z,BRK.B,0.81
2024-07-01T18:31:39Z,VT,0.22
2024-07-01T18:32:14Z,BRK.B,0.81
2024-07-01T18:32:14Z,VT,0.22
2024-07-01T18:32:48Z,BRK.B,0.81
2024-07-01T18:32:48Z,VT,0.22
2024-07-01T18:33:23Z,BRK.B,0.81
2024-07-01T18:33:23Z,VT,0.22
2024-07-01T18:33:58Z,BRK.B,0.81
2024-07-01T18:33:58Z,VT,0.22
2024-07-01T18:34:33Z,BRK.B,0.81
2024-07-01T18:34:33Z,VT,0.22
2024-07-01T18:35:08Z,BRK.B,0.81
2024-07-01T18:35:08Z,VT,0.22
2024-07-01T18:35:42Z,BRK.B,0.81
2024-07-01T18:35:42Z,VT,0.22
2024-07-01T18:36:17Z,BRK.B,0.81
2024-07-01T18:36:17Z,VT,0.22
2024-07-01T18:36:52Z,BRK.B,0.81
2024-07-01T18:36:52Z,VT,0.22
2024-07-01T18:37:27Z,BRK.B,0.81
2024-07-01T18:37:27Z,VT,0.22
2024-07-01T18:38:02Z,BRK.B,0.81
2024-07-01T18:38:02Z,VT,0.22
2024-07-01T18:38:36Z,BRK.B,0.81
2024-07-01T18:38:36Z,VT,0.22
2024-07-01T18:39:11Z,BRK.B,0.81
2024-07-01T18:39:11Z,VT,0.22
2024-07-01T18:39:46Z,BRK.B,0.81
2024-07-01T18:39:46Z,VT,0.22
2024-07-01T18:40:21Z,BRK.B,0.81
2024-07-01T18:40:21Z,VT,0.22
2024-07-01T18:40:56Z,BRK.B,0.81
2024-07-01T18:40:56Z,VT,0.22
2024-07-01T18:41:30Z,BRK.B,0.81
2024-07-01T18:41:30Z,VT,0.22
2024-07-01T18:42:05Z,BRK.B,0.81
2024-07-01T18:42:05Z,VT,0.22
2024-07-01T18:42:40Z,BRK.B,0.81
2024-07-01T18:42:40Z,VT,0.22
2024-07-01T18:43:15Z,BRK.B,0.81
2024-07-01T18:43:15Z,VT,0.22
2024-07-01T18:43:50Z,BRK.B,0.81
2024-07-01T18:43:50Z,VT,0.22
2024-07-01T18:44:24Z,BRK.B,0.81
2024-07-01T18:44:24Z,VT,0.22
2024-07-01T18:44:59Z,BRK.B,0.81
2024-07-01T18:44:59Z,VT,0.22
2024-07-01T18:45:34Z,BRK.B,0.81
2024-07-01T18:45:34Z,VT,0.22
2024-07-01T18:46:09Z,BRK.B,0.81
2024-07-01T18:46:09Z,VT,0.22
2024-07-01T18:46:44Z,BRK.B,0.81
2024-07-01T18:46:44Z,VT,0.22
2024-07-01T18:47:18Z,BRK.B,0.81
2024-07-01T18:47:18Z,VT,0.22
2024-07-01T18:47:53Z,BRK.B,0.81
2024-07-01T18:47:53Z,VT,0.22
2024-07-01T18:48:28Z,BRK.B,0.81
2024-07-01T18:48:28Z,VT,0.22
2024-07-01T18:49:03Z,BRK.B,0.81
2024-07-01T18:49:03Z,VT,0.22
2024-07-01T18:49:38Z,BRK.B,0.81
2024-07-01T18:49:38Z,VT,0.22
2024-07-01T18:50:13Z,BRK.B,0.81
2024-07-01T18:50:13Z,VT,0.22
2024-07-01T18:50:48Z,BRK.B,0.81
2024-07-01T18:50:48Z,VT,0.22
2024-07-01T18:51:23Z,BRK.B,0.81
2024-07-01T18:51:23Z,VT,0.22
2024-07-01T18:51:57Z,BRK.B,0.81
2024-07-01T18:51:57Z,VT,0.22
2024-07-01T18:52:32Z,BRK.B,0.81
2024-07-01T18:52:32Z,VT,0.22
2024-07-01T18:53:07Z,BRK.B,0.81
2024-07-01T18:53:07Z,VT,0.22
2024-07-01T18:53:42Z,BRK.B,0.81
2024-07-01T18:53:42Z,VT,0.22
2024-07-01T18:54:17Z,BRK.B,0.81
2024-07-01T18:54:17Z,VT,0.22
2024-07-01T18:54:51Z,BRK.B,0.81
2024-07-01T18:54:51Z,VT,0.22
2024-07-01T18:55:26Z,BRK.B,0.81
2024-07-01T18:55:26Z,VT,0.22
2024-07-01T18:56:01Z,BRK.B,0.81
2024-07-01T18:56:01Z,VT,0.22
2024-07-01T18:56:36Z,BRK.B,0.81
2024-07-01T18:56:36Z,VT,0.22
2024-07-01T18:57:11Z,BRK.B,0.81
2024-07-01T18:57:11Z,VT,0.22
2024-07-01T18:57:46Z,BRK.B,0.81
2024-07-01T18:57:46Z,VT,0.22
2024-07-01T18:58:20Z,BRK.B,0.81
2024-07-01T18:58:20Z,VT,0.22
2024-07-01T18:58:55Z,BRK.B,0.81
2024-07-01T18:58:55Z,VT,0.22
2024-07-01T18:59:30Z,BRK.B,0.81
2024-07-01T18:59:30Z,VT,0.22
2024-07-01T19:00:05Z,BRK.B,0.81
2024-07-01T19:00:05Z,VT,0.22
2024-07-01T19:00:40Z,BRK.B,0.81
2024-07-01T19:00:40Z,VT,0.22
2024-07-01T19:01:15Z,BRK.B,0.81
2024-07-01T19:01:15Z,VT,0.22
2024-07-01T19:01:50Z,BRK.B,0.81
2024-07-01T19:01:50Z,VT,0.22
2024-07-01T19:02:24Z,BRK.B,0.81
2024-07-01T19:02:24Z,VT,0.22
2024-07-01T19:02:59Z,BRK.B,0.81
2024-07-01T19:02:59Z,VT,0.22
2024-07-01T19:03:34Z,BRK.B,0.81
2024-07-01T19:03:34Z,VT,0.22
2024-07-01T19:04:09Z,BRK.B,0.81
2024-07-01T19:04:09Z,VT,0.22
2024-07-01T19:04:44Z,BRK.B,0.81
2024-07-01T19:04:44Z,VT,0.22
2024-07-01T19:05:18Z,BRK.B,0.81
2024-07-01T19:05:18Z,VT,0.22
2024-07-01T19:05:53Z,BRK.B,0.81
2024-07-01T19:05:53Z,VT,0.22
2024-07-01T19:06:28Z,BRK.B,0.81
2024-07-01T19:06:28Z,VT,0.22
2024-07-01T19:07:03Z,BRK.B,0.81
2024-07-01T19:07:03Z,VT,0.22
2024-07-01T19:07:37Z,BRK.B,0.81
2024-07-01T19:07:37Z,VT,0.22
2024-07-01T19:08:12Z,BRK.B,0.81
2024-07-01T19:08:12Z,VT,0.22
2024-07-01T19:08:47Z,BRK.B,0.81
2024-07-01T19:08:47Z,VT,0.22
2024-07-01T19:09:21Z,BRK.B,0.81
2024-07-01T19:09:21Z,VT,0.22
2024-07-01T19:09:56Z,BRK.B,0.81
2024-07-01T19:09:56Z,VT,0.22
2024-07-01T19:10:31Z,BRK.B,0.81
2024-07-01T19:10:31Z,VT,0.22
2024-07-01T19:11:05Z,BRK.B,0.81
2024-07-01T19:11:05Z,VT,0.22
2024-07-01T19:11:40Z,BRK.B,0.81
2024-07-01T19:11:40Z,VT,0.22
2024-07-01T19:12:15Z,BRK.B,0.81
2024-07-01T19:12:15Z,VT,0.22
2024-07-01T19:12:50Z,BRK.B,0.81
2024-07-01T19:12:50Z,VT,0.22
2024-07-01T19:13:25Z,BRK.B,0.81
2024-07-01T19:13:25Z,VT,0.22
2024-07-01T19:14:00Z,BRK.B,0.81
2024-07-01T19:14:00Z,VT,0.22
2024-07-01T19:14:34Z,BRK.B,0.81
2024-07-01T19:14:34Z,VT,0.22
2024-07-01T19:15:09Z,BRK.B,0.81
2024-07-01T19:15:09Z,VT,0.22
2024-07-01T19:15:44Z,BRK.B,0.81
2024-07-01T19:15:44Z,VT,0.22
2024-07-01T19:16:18Z,BRK.B,0.81
2024-07-01T19:16:18Z,VT,0.22
2024-07-01T19:16:53Z,BRK.B,0.81
2024-07-01T19:16:53Z,VT,0.22
2024-07-01T19:17:28Z,BRK.B,0.81
2024-07-01T19:17:28Z,VT,0.22
2024-07-01T19:18:03Z,BRK.B,0.81
2024-07-01T19:18:03Z,VT,0.22
2024-07-01T19:18:37Z,BRK.B,0.81
2024-07-01T19:18:37Z,VT,0.22
2024-07-01T19:19:12Z,BRK.B,0.81
2024-07-01T19:19:12Z,VT,0.22
2024-07-01T19:19:47Z,BRK.B,0.81
2024-07-01T19:19:47Z,VT,0.22
2024-07-01T19:20:22Z,BRK.B,0.81
2024-07-01T19:20:22Z,VT,0.22
2024-07-01T19:20:56Z,BRK.B,0.81
2024-07-01T19:20:56Z,VT,0.22
2024-07-01T19:21:31Z,BRK.B,0.81
2024-07-01T19:21:31Z,VT,0.22
2024-07-01T19:22:06Z,BRK.B,0.81
2024-07-01T19:22:06Z,VT,0.22
2024-07-01T19:22:41Z,BRK.B,0.81
2024-07-01T19:22:41Z,VT,0.22
2024-07-01T19:23:15Z,BRK.B,0.81
2024-07-01T19:23:15Z,VT,0.22
2024-07-01T19:23:50Z,BRK.B,0.81
2024-07-01T19:23:50Z,VT,0.22
2024-07-01T19:24:25Z,BRK.B,0.81
2024-07-01T19:24:25Z,VT,0.22
2024-07-01T19:25:00Z,BRK.B,0.81
2024-07-01T19:25:00Z,VT,0.22
2024-07-01T19:25:35Z,BRK.B,0.81
2024-07-01T19:25:35Z,VT,0.22
2024-07-01T19:26:09Z,BRK.B,0.81
2024-07-01T19:26:09Z,VT,0.22
2024-07-01T19:26:44Z,BRK.B,0.81
2024-07-01T19:26:44Z,VT,0.22
2024-07-01T19:27:19Z,BRK.B,0.81
2024-07-01T19:27:19Z,VT,0.22
2024-07-01T19:27:54Z,BRK.B,0.81
2024-07-01T19:27:54Z,VT,0.22
2024-07-01T19:28:29Z,BRK.B,0.81
2024-07-01T19:28:29Z,VT,0.22
2024-07-01T19:29:03Z,BRK.B,0.81
2024-07-01T19:29:03Z,VT,0.22
2024-07-01T19:29:38Z,BRK.B,0.81
2024-07-01T19:29:38Z,VT,0.22
2024-07-01T19:30:13Z,BRK.B,0.81
2024-07-01T19:30:13Z,VT,0.22
2024-07-01T19:30:48Z,BRK.B,0.81
2024-07-01T19:30:48Z,VT,0.22
2024-07-01T19:31:22Z,BRK.B,0.81
2024-07-01T19:31:22Z,VT,0.22
2024-07-01T19:31:57Z,BRK.B,0.81
2024-07-01T19:31:57Z,VT,0.22
2024-07-01T19:32:32Z,BRK.B,0.81
2024-07-01T19:32:32Z,VT,0.22
2024-07-01T19:33:07Z,BRK.B,0.81
2024-07-01T19:33:07Z,VT,0.22
2024-07-01T19:33:41Z,BRK.B,0.81
2024-07-01T19:33:41Z,VT,0.22
2024-07-01T19:34:16Z,BRK.B,0.81
2024-07-01T19:34:16Z,VT,0.22
2024-07-01T19:34:51Z,BRK.B,0.81
2024-07-01T19:34:51Z,VT,0.22
2024-07-01T19:35:26Z,BRK.B,0
2024-07-01T19:35:26Z,VT,0.22
2024-07-04T18:30:11Z,BRK.B,0.8
2024-07-04T18:30:11Z,VT,0.67
2024-07-08T18:31:10Z,BRK.B,0.8
2024-07-08T18:31:10Z,VT,0
2024-07-08T18:31:43Z,BRK.B,0.8
2024-07-08T18:31:43Z,VT,0
2024-07-08T18:32:16Z,BRK.B,0.8
2024-07-08T18:32:16Z,VT,0
2024-07-08T18:32:49Z,BRK.B,0.8
2024-07-08T18:32:49Z,VT,0
2024-07-08T18:33:22Z,BRK.B,0.8
2024-07-08T18:33:22Z,VT,0
2024-07-08T18:33:55Z,BRK.B,0.8
2024-07-08T18:33:55Z,VT,0
2024-07-08T18:34:28Z,BRK.B,0.8
2024-07-08T18:34:28Z,VT,0
2024-07-08T18:35:02Z,BRK.B,0.8
2024-07-08T18:35:02Z,VT,0
2024-07-08T18:35:35Z,BRK.B,0.8
2024-07-08T18:35:35Z,VT,0
2024-07-08T18:36:08Z,BRK.B,0.8
2024-07-08T18:36:08Z,VT,0
2024-07-08T18:36:41Z,BRK.B,0.8
2024-07-08T18:36:41Z,VT,0
2024-07-08T18:37:14Z,BRK.B,0.8
2024-07-08T18:37:14Z,VT,0
2024-07-08T18:37:47Z,BRK.B,0.8
2024-07-08T18:37:47Z,VT,0
2024-07-08T18:38:20Z,BRK.B,0.8
2024-07-08T18:38:20Z,VT,0
2024-07-08T18:38:53Z,BRK.B,0.8
2024-07-08T18:38:53Z,VT,0
2024-07-08T18:39:26Z,BRK.B,0.8
2024-07-08T18:39:26Z,VT,0
2024-07-08T18:39:59Z,BRK.B,0.8
2024-07-08T18:39:59Z,VT,0
2024-07-08T18:40:32Z,BRK.B,0.8
2024-07-08T18:40:32Z,VT,0
2024-07-08T18:41:06Z,BRK.B,0.8
2024-07-08T18:41:06Z,VT,0
2024-07-08T18:41:39Z,BRK.B,0.8
2024-07-08T18:41:39Z,VT,0
2024-07-08T18:42:12Z,BRK.B,0.8
2024-07-08T18:42:12Z,VT,0
2024-07-08T18:42:28Z,BRK.B,0
2024-07-08T18:42:28Z,VT,0
2024-07-11T18:30:56Z,BRK.B,0
2024-07-11T18:30:56Z,VT,0
2024-07-15T18:30:31Z,BRK.B,0.81
2024-07-15T18:30:31Z,VT,0.88
2024-07-17T18:31:53Z,BRK.B,2.46
2024-07-17T18:31:53Z,VT,0
2024-07-17T18:32:11Z,BRK.B,0.82
2024-07-17T18:32:11Z,VT,0
2024-07-17T18:32:20Z,BRK.B,0
2024-07-17T18:32:20Z,VT,0
2024-07-22T18:30:19Z,BRK.B,0.83
2024-07-22T18:30:19Z,VT,0.87
2024-07-26T18:30:18Z,BRK.B,1.67
2024-07-26T18:30:18Z,VT,0
2024-07-26T18:30:53Z,BRK.B,1.67
2024-07-26T18:30:53Z,VT,0
2024-07-26T18:31:27Z,BRK.B,1.67
2024-07-26T18:31:27Z,VT,0
2024-07-26T18:32:01Z,BRK.B,1.67
2024-07-26T18:32:01Z,VT,0
2024-07-26T18:32:35Z,BRK.B,1.67
2024-07-26T18:32:35Z,VT,0
2024-07-26T18:33:09Z,BRK.B,1.67
2024-07-26T18:33:09Z,VT,0
2024-07-26T18:33:44Z,BRK.B,1.67
2024-07-26T18:33:44Z,VT,0
2024-07-26T18:34:18Z,BRK.B,1.67
2024-07-26T18:34:18Z,VT,0
2024-07-26T18:34:52Z,BRK.B,1.67
2024-07-26T18:34:52Z,VT,0
2024-07-26T18:35:26Z,BRK.B,1.67
2024-07-26T18:35:26Z,VT,0
2024-07-26T18:36:00Z,BRK.B,1.67
2024-07-26T18:36:00Z,VT,0
2024-07-26T18:36:35Z,BRK.B,1.67
2024-07-26T18:36:35Z,VT,0
2024-07-26T18:37:09Z,BRK.B,1.67
2024-07-26T18:37:09Z,VT,0
2024-07-26T18:37:44Z,BRK.B,1.67
2024-07-26T18:37:44Z,VT,0
2024-07-26T18:38:18Z,BRK.B,1.67
2024-07-26T18:38:18Z,VT,0
2024-07-26T18:38:52Z,BRK.B,1.67
2024-07-26T18:38:52Z,VT,0
2024-07-26T18:39:26Z,BRK.B,1.67
2024-07-26T18:39:26Z,VT,0
2024-07-26T18:40:00Z,BRK.B,1.67
2024-07-26T18:40:00Z,VT,0
2024-07-26T18:40:34Z,BRK.B,1.67
2024-07-26T18:40:34Z,VT,0
2024-07-26T18:41:08Z,BRK.B,1.67
2024-07-26T18:41:08Z,VT,0
2024-07-26T18:41:43Z,BRK.B,1.67
2024-07-26T18:41:43Z,VT,0
2024-07-26T18:42:17Z,BRK.B,1.67
2024-07-26T18:42:17Z,VT,0
2024-07-26T18:42:51Z,BRK.B,1.67
2024-07-26T18:42:51Z,VT,0
2024-07-26T18:43:25Z,BRK.B,1.67
2024-07-26T18:43:25Z,VT,0
2024-07-26T18:44:00Z,BRK.B,1.67
2024-07-26T18:44:00Z,VT,0
2024-07-26T18:44:34Z,BRK.B,1.67
2024-07-26T18:44:34Z,VT,0
2024-07-26T18:45:08Z,BRK.B,1.67
2024-07-26T18:45:08Z,VT,0
2024-07-26T18:45:42Z,BRK.B,1.67
2024-07-26T18:45:42Z,VT,0
2024-07-26T18:46:16Z,BRK.B,1.67
2024-07-26T18:46:16Z,VT,0
2024-07-26T18:46:51Z,BRK.B,1.67
2024-07-26T18:46:51Z,VT,0
2024-07-26T18:47:25Z,BRK.B,1.67
2024-07-26T18:47:25Z,VT,0
2024-07-26T18:47:59Z,BRK.B,1.67
2024-07-26T18:47:59Z,VT,0
2024-07-26T18:48:34Z,BRK.B,1.67
2024-07-26T18:48:34Z,VT,0
2024-07-26T18:49:08Z,BRK.B,1.67
2024-07-26T18:49:08Z,VT,0
2024-07-26T18:49:43Z,BRK.B,1.67
2024-07-26T18:49:43Z,VT,0
2024-07-26T18:50:17Z,BRK.B,1.67
2024-07-26T18:50:17Z,VT,0
2024-07-26T18:50:51Z,BRK.B,1.67
2024-07-26T18:50:51Z,VT,0
2024-07-26T18:51:25Z,BRK.B,1.67
2024-07-26T18:51:25Z,VT,0
2024-07-26T18:51:59Z,BRK.B,1.67
2024-07-26T18:51:59Z,VT,0
2024-07-26T18:52:33Z,BRK.B,1.67
2024-07-26T18:52:33Z,VT,0
2024-07-26T18:53:07Z,BRK.B,1.67
2024-07-26T18:53:07Z,VT,0
2024-07-26T18:53:41Z,BRK.B,1.67
2024-07-26T18:53:41Z,VT,0
2024-07-26T18:54:16Z,BRK.B,1.67
2024-07-26T18:54:16Z,VT,0
2024-07-26T18:54:50Z,BRK.B,1.67
2024-07-26T18:54:50Z,VT,0
2024-07-26T18:55:24Z,BRK.B,1.67
2024-07-26T18:55:24Z,VT,0
2024-07-26T18:55:58Z,BRK.B,1.67
2024-07-26T18:55:58Z,VT,0
2024-07-26T18:56:32Z,BRK.B,1.67
2024-07-26T18:56:32Z,VT,0
2024-07-26T18:57:06Z,BRK.B,1.67
2024-07-26T18:57:06Z,VT,0
2024-07-26T18:57:40Z,BRK.B,1.67
2024-07-26T18:57:40Z,VT,0
2024-07-26T18:58:14Z,BRK.B,1.67
2024-07-26T18:58:14Z,VT,0
2024-07-26T18:58:48Z,BRK.B,1.67
2024-07-26T18:58:48Z,VT,0
2024-07-26T18:59:22Z,BRK.B,1.67
2024-07-26T18:59:22Z,VT,0
2024-07-26T18:59:57Z,BRK.B,1.67
2024-07-26T18:59:57Z,VT,0
2024-07-26T19:00:31Z,BRK.B,1.67
2024-07-26T19:00:31Z,VT,0
2024-07-26T19:01:05Z,BRK.B,1.67
2024-07-26T19:01:05Z,VT,0
2024-07-26T19:01:39Z,BRK.B,1.67
2024-07-26T19:01:39Z,VT,0
2024-07-26T19:02:13Z,BRK.B,1.67
2024-07-26T19:02:13Z,VT,0
2024-07-26T19:02:47Z,BRK.B,1.67
2024-07-26T19:02:47Z,VT,0
2024-07-26T19:03:22Z,BRK.B,1.67
2024-07-26T19:03:22Z,VT,0
2024-07-26T19:03:56Z,BRK.B,1.67
2024-07-26T19:03:56Z,VT,0
2024-07-26T19:04:30Z,BRK.B,1.67
2024-07-26T19:04:30Z,VT,0
2024-07-26T19:05:04Z,BRK.B,1.67
2024-07-26T19:05:04Z,VT,0
2024-07-26T19:05:38Z,BRK.B,1.67
2024-07-26T19:05:38Z,VT,0
2024-07-26T19:06:12Z,BRK.B,1.67
2024-07-26T19:06:12Z,VT,0
2024-07-26T19:06:47Z,BRK.B,1.67
2024-07-26T19:06:47Z,VT,0
2024-07-26T19:07:21Z,BRK.B,1.67
2024-07-26T19:07:21Z,VT,0
2024-07-26T19:07:55Z,BRK.B,1.67
2024-07-26T19:07:55Z,VT,0
2024-07-26T19:08:30Z,BRK.B,1.67
2024-07-26T19:08:30Z,VT,0
2024-07-26T19:09:04Z,BRK.B,1.67
2024-07-26T19:09:04Z,VT,0
2024-07-26T19:09:38Z,BRK.B,1.67
2024-07-26T19:09:38Z,VT,0
2024-07-26T19:10:12Z,BRK.B,1.67
2024-07-26T19:10:12Z,VT,0
2024-07-26T19:10:47Z,BRK.B,1.67
2024-07-26T19:10:47Z,VT,0
2024-07-26T19:11:21Z,BRK.B,1.67
2024-07-26T19:11:21Z,VT,0
2024-07-26T19:11:55Z,BRK.B,1.67
2024-07-26T19:11:55Z,VT,0
2024-07-26T19:12:29Z,BRK.B,1.67
2024-07-26T19:12:29Z,VT,0
2024-07-26T19:13:03Z,BRK.B,1.67
2024-07-26T19:13:03Z,VT,0
2024-07-26T19:13:37Z,BRK.B,1.67
2024-07-26T19:13:37Z,VT,0
2024-07-26T19:14:11Z,BRK.B,1.67
2024-07-26T19:14:11Z,VT,0
2024-07-26T19:14:45Z,BRK.B,1.67
2024-07-26T19:14:45Z,VT,0
2024-07-26T19:15:20Z,BRK.B,1.67
2024-07-26T19:15:20Z,VT,0
2024-07-26T19:15:54Z,BRK.B,1.67
2024-07-26T19:15:54Z,VT,0
2024-07-26T19:16:28Z,BRK.B,1.67
2024-07-26T19:16:28Z,VT,0
2024-07-26T19:17:02Z,BRK.B,1.67
2024-07-26T19:17:02Z,VT,0
2024-07-26T19:17:36Z,BRK.B,1.67
2024-07-26T19:17:36Z,VT,0
2024-07-26T19:18:10Z,BRK.B,1.67
2024-07-26T19:18:10Z,VT,0
2024-07-26T19:18:44Z,BRK.B,1.67
2024-07-26T19:18:44Z,VT,0
2024-07-26T19:19:19Z,BRK.B,1.67
2024-07-26T19:19:19Z,VT,0
2024-07-26T19:19:53Z,BRK.B,1.67
2024-07-26T19:19:53Z,VT,0
2024-07-26T19:20:02Z,BRK.B,0
2024-07-26T19:20:02Z,VT,0
2024-07-29T18:30:33Z,BRK.B,0
2024-07-29T18:30:33Z,VT,0.22
2024-08-01T18:30:40Z,BRK.B,0.83
2024-08-01T18:30:40Z,VT,0.65
2024-08-05T18:32:00Z,BRK.B,0
2024-08-05T18:32:00Z,VT,0.21
2024-08-08T18:31:13Z,BRK.B,0.84
2024-08-08T18:31:13Z,VT,1.06
2024-08-12T18:31:44Z,BRK.B,0
2024-08-12T18:31:44Z,VT,0.43
2024-08-12T18:32:00Z,BRK.B,0
2024-08-12T18:32:00Z,VT,0
2024-08-15T18:30:59Z,BRK.B,0
2024-08-15T18:30:59Z,VT,0
2024-08-19T18:30:41Z,BRK.B,0
2024-08-19T18:30:41Z,VT,0
2024-08-23T18:45:17Z,BRK.B,0
2024-08-23T18:45:17Z,VT,0.21
2024-08-26T18:46:07Z,BRK.B,0
2024-08-26T18:46:07Z,VT,0
2024-08-29T18:30:40Z,BRK.B,1.69
2024-08-29T18:30:40Z,VT,1.48
2024-09-03T18:31:22Z,BRK.B,2.56
2024-09-03T18:31:22Z,VT,0
2024-09-03T18:31:56Z,BRK.B,2.56
2024-09-03T18:31:56Z,VT,0
2024-09-03T18:32:29Z,BRK.B,2.56
2024-09-03T18:32:29Z,VT,0
2024-09-03T18:33:02Z,BRK.B,2.56
2024-09-03T18:33:02Z,VT,0
2024-09-03T18:33:35Z,BRK.B,2.56
2024-09-03T18:33:35Z,VT,0
2024-09-03T18:34:08Z,BRK.B,2.56
2024-09-03T18:34:08Z,VT,0
2024-09-03T18:34:41Z,BRK.B,2.56
2024-09-03T18:34:41Z,VT,0
2024-09-03T18:35:14Z,BRK.B,2.56
2024-09-03T18:35:14Z,VT,0
2024-09-03T18:35:47Z,BRK.B,2.56
2024-09-03T18:35:47Z,VT,0
2024-09-03T18:36:20Z,BRK.B,2.56
2024-09-03T18:36:20Z,VT,0
2024-09-03T18:36:53Z,BRK.B,2.56
2024-09-03T18:36:53Z,VT,0
2024-09-03T18:37:26Z,BRK.B,2.56
2024-09-03T18:37:26Z,VT,0
2024-09-03T18:37:59Z,BRK.B,2.56
2024-09-03T18:37:59Z,VT,0
2024-09-03T18:38:32Z,BRK.B,2.56
2024-09-03T18:38:32Z,VT,0
2024-09-03T18:39:05Z,BRK.B,2.56
2024-09-03T18:39:05Z,VT,0
2024-09-03T18:39:38Z,BRK.B,2.56
2024-09-03T18:39:38Z,VT,0
2024-09-03T18:40:11Z,BRK.B,2.56
2024-09-03T18:40:11Z,VT,0
2024-09-03T18:40:44Z,BRK.B,2.56
2024-09-03T18:40:44Z,VT,0
2024-09-03T18:41:17Z,BRK.B,2.56
2024-09-03T18:41:17Z,VT,0
2024-09-03T18:41:50Z,BRK.B,2.56
2024-09-03T18:41:50Z,VT,0
2024-09-03T18:42:23Z,BRK.B,2.56
2024-09-03T18:42:23Z,VT,0
2024-09-03T18:42:56Z,BRK.B,2.56
2024-09-03T18:42:56Z,VT,0
2024-09-03T18:43:29Z,BRK.B,2.56
2024-09-03T18:43:29Z,VT,0
2024-09-03T18:44:02Z,BRK.B,2.56
2024-09-03T18:44:02Z,VT,0
2024-09-03T18:44:35Z,BRK.B,2.56
2024-09-03T18:44:35Z,VT,0
2024-09-03T18:45:08Z,BRK.B,2.56
2024-09-03T18:45:08Z,VT,0
2024-09-03T18:45:41Z,BRK.B,2.56
2024-09-03T18:45:41Z,VT,0
2024-09-03T18:46:14Z,BRK.B,2.56
2024-09-03T18:46:14Z,VT,0
2024-09-03T18:46:47Z,BRK.B,2.56
2024-09-03T18:46:47Z,VT,0
2024-09-03T18:47:20Z,BRK.B,2.56
2024-09-03T18:47:20Z,VT,0
2024-09-03T18:47:53Z,BRK.B,2.56
2024-09-03T18:47:53Z,VT,0
2024-09-03T18:48:26Z,BRK.B,2.56
2024-09-03T18:48:26Z,VT,0
2024-09-03T18:48:59Z,BRK.B,2.56
2024-09-03T18:48:59Z,VT,0
2024-09-03T18:49:32Z,BRK.B,2.56
2024-09-03T18:49:32Z,VT,0
2024-09-03T18:50:05Z,BRK.B,2.56
2024-09-03T18:50:05Z,VT,0
2024-09-03T18:50:38Z,BRK.B,2.56
2024-09-03T18:50:38Z,VT,0
2024-09-03T18:51:11Z,BRK.B,2.56
2024-09-03T18:51:11Z,VT,0
2024-09-03T18:51:44Z,BRK.B,2.56
2024-09-03T18:51:44Z,VT,0
2024-09-03T18:52:17Z,BRK.B,2.56
2024-09-03T18:52:17Z,VT,0
2024-09-03T18:52:50Z,BRK.B,2.56
2024-09-03T18:52:50Z,VT,0
2024-09-03T18:53:23Z,BRK.B,2.56
2024-09-03T18:53:23Z,VT,0
2024-09-03T18:53:56Z,BRK.B,2.56
2024-09-03T18:53:56Z,VT,0
2024-09-03T18:54:29Z,BRK.B,2.56
2024-09-03T18:54:29Z,VT,0
2024-09-03T18:55:02Z,BRK.B,2.56
2024-09-03T18:55:02Z,VT,0
2024-09-03T18:55:35Z,BRK.B,2.56
2024-09-03T18:55:35Z,VT,0
2024-09-03T18:56:08Z,BRK.B,2.56
2024-09-03T18:56:08Z,VT,0
2024-09-03T18:56:41Z,BRK.B,2.56
2024-09-03T18:56:41Z,VT,0
2024-09-03T18:57:14Z,BRK.B,2.56
2024-09-03T18:57:14Z,VT,0
2024-09-03T18:57:47Z,BRK.B,2.56
2024-09-03T18:57:47Z,VT,0
2024-09-03T18:58:20Z,BRK.B,2.56
2024-09-03T18:58:20Z,VT,0
2024-09-03T18:58:53Z,BRK.B,2.56
2024-09-03T18:58:53Z,VT,0
2024-09-03T18:59:26Z,BRK.B,2.56
2024-09-03T18:59:26Z,VT,0
2024-09-03T18:59:59Z,BRK.B,2.56
2024-09-03T18:59:59Z,VT,0
2024-09-03T19:00:33Z,BRK.B,2.56
2024-09-03T19:00:33Z,VT,0
2024-09-03T19:01:06Z,BRK.B,2.56
2024-09-03T19:01:06Z,VT,0
2024-09-03T19:01:39Z,BRK.B,2.56
2024-09-03T19:01:39Z,VT,0
2024-09-03T19:02:12Z,BRK.B,2.56
2024-09-03T19:02:12Z,VT,0
2024-09-03T19:02:45Z,BRK.B,2.56
2024-09-03T19:02:45Z,VT,0
2024-09-03T19:03:18Z,BRK.B,2.56
2024-09-03T19:03:18Z,VT,0
2024-09-03T19:03:51Z,BRK.B,2.56
2024-09-03T19:03:51Z,VT,0
2024-09-03T19:04:24Z,BRK.B,2.56
2024-09-03T19:04:24Z,VT,0
2024-09-03T19:04:57Z,BRK.B,2.56
2024-09-03T19:04:57Z,VT,0
2024-09-03T19:05:30Z,BRK.B,2.56
2024-09-03T19:05:30Z,VT,0
2024-09-03T19:06:03Z,BRK.B,2.56
2024-09-03T19:06:03Z,VT,0
2024-09-03T19:06:36Z,BRK.B,2.56
2024-09-03T19:06:36Z,VT,0
2024-09-03T19:07:09Z,BRK.B,2.56
2024-09-03T19:07:09Z,VT,0
2024-09-03T19:07:42Z,BRK.B,2.56
2024-09-03T19:07:42Z,VT,0
2024-09-03T19:08:15Z,BRK.B,2.56
2024-09-03T19:08:15Z,VT,0
2024-09-03T19:08:47Z,BRK.B,2.56
2024-09-03T19:08:47Z,VT,0
2024-09-03T19:09:20Z,BRK.B,2.56
2024-09-03T19:09:20Z,VT,0
2024-09-03T19:09:53Z,BRK.B,2.56
2024-09-03T19:09:53Z,VT,0
2024-09-03T19:10:26Z,BRK.B,2.56
2024-09-03T19:10:26Z,VT,0
2024-09-03T19:10:59Z,BRK.B,2.56
2024-09-03T19:10:59Z,VT,0
2024-09-03T19:11:31Z,BRK.B,2.56
2024-09-03T19:11:31Z,VT,0
2024-09-03T19:12:04Z,BRK.B,2.56
2024-09-03T19:12:04Z,VT,0
2024-09-03T19:12:37Z,BRK.B,2.56
2024-09-03T19:12:37Z,VT,0
2024-09-03T19:13:10Z,BRK.B,2.56
2024-09-03T19:13:10Z,VT,0
2024-09-03T19:13:43Z,BRK.B,2.56
2024-09-03T19:13:43Z,VT,0
2024-09-03T19:14:16Z,BRK.B,2.56
2024-09-03T19:14:16Z,VT,0
2024-09-03T19:14:48Z,BRK.B,2.56
2024-09-03T19:14:48Z,VT,0
2024-09-03T19:15:21Z,BRK.B,2.56
2024-09-03T19:15:21Z,VT,0
2024-09-03T19:15:54Z,BRK.B,2.56
2024-09-03T19:15:54Z,VT,0
2024-09-03T19:16:27Z,BRK.B,2.56
2024-09-03T19:16:27Z,VT,0
2024-09-03T19:17:00Z,BRK.B,2.56
2024-09-03T19:17:00Z,VT,0
2024-09-03T19:17:32Z,BRK.B,2.56
2024-09-03T19:17:32Z,VT,0
2024-09-03T19:18:05Z,BRK.B,2.56
2024-09-03T19:18:05Z,VT,0
2024-09-03T19:18:38Z,BRK.B,2.56
2024-09-03T19:18:38Z,VT,0
2024-09-03T19:19:11Z,BRK.B,2.56
2024-09-03T19:19:11Z,VT,0
2024-09-03T19:19:43Z,BRK.B,2.56
2024-09-03T19:19:43Z,VT,0
2024-09-03T19:20:16Z,BRK.B,2.56
2024-09-03T19:20:16Z,VT,0
2024-09-03T19:20:49Z,BRK.B,2.56
2024-09-03T19:20:49Z,VT,0
2024-09-03T19:21:22Z,BRK.B,2.56
2024-09-03T19:21:22Z,VT,0
2024-09-03T19:21:55Z,BRK.B,2.56
2024-09-03T19:21:55Z,VT,0
2024-09-03T19:22:27Z,BRK.B,2.56
2024-09-03T19:22:27Z,VT,0
2024-09-03T19:23:00Z,BRK.B,2.56
2024-09-03T19:23:00Z,VT,0
2024-09-03T19:23:33Z,BRK.B,2.56
2024-09-03T19:23:33Z,VT,0
2024-09-03T19:24:06Z,BRK.B,2.56
2024-09-03T19:24:06Z,VT,0
2024-09-03T19:24:39Z,BRK.B,2.56
2024-09-03T19:24:39Z,VT,0
2024-09-03T19:25:11Z,BRK.B,2.56
2024-09-03T19:25:11Z,VT,0
2024-09-03T19:25:45Z,BRK.B,2.56
2024-09-03T19:25:45Z,VT,0
2024-09-03T19:26:18Z,BRK.B,2.56
2024-09-03T19:26:18Z,VT,0
2024-09-03T19:26:51Z,BRK.B,2.56
2024-09-03T19:26:51Z,VT,0
2024-09-03T19:27:23Z,BRK.B,2.56
2024-09-03T19:27:23Z,VT,0
2024-09-03T19:27:56Z,BRK.B,2.56
2024-09-03T19:27:56Z,VT,0
2024-09-03T19:28:29Z,BRK.B,2.56
2024-09-03T19:28:29Z,VT,0
2024-09-03T19:29:02Z,BRK.B,2.56
2024-09-03T19:29:02Z,VT,0
2024-09-03T19:29:35Z,BRK.B,2.56
2024-09-03T19:29:35Z,VT,0
2024-09-03T19:30:07Z,BRK.B,2.56
2024-09-03T19:30:07Z,VT,0
2024-09-03T19:30:40Z,BRK.B,2.56
2024-09-03T19:30:40Z,VT,0
2024-09-03T19:31:13Z,BRK.B,2.56
2024-09-03T19:31:13Z,VT,0
2024-09-03T19:31:46Z,BRK.B,2.56
2024-09-03T19:31:46Z,VT,0
2024-09-03T19:32:19Z,BRK.B,2.56
2024-09-03T19:32:19Z,VT,0
2024-09-03T19:32:35Z,BRK.B,0
2024-09-03T19:32:35Z,VT,0
2024-09-06T18:31:55Z,BRK.B,0
2024-09-06T18:31:55Z,VT,0.21
2024-09-09T18:32:01Z,BRK.B,0
2024-09-09T18:32:01Z,VT,0
2024-09-12T18:31:25Z,BRK.B,1.68
2024-09-12T18:31:25Z,VT,1.7
2024-09-16T18:32:15Z,BRK.B,3.31
2024-09-16T18:32:15Z,VT,0
2024-09-16T18:32:48Z,BRK.B,3.31
2024-09-16T18:32:48Z,VT,0
2024-09-16T18:33:21Z,BRK.B,3.31
2024-09-16T18:33:21Z,VT,0
2024-09-16T18:33:54Z,BRK.B,3.31
2024-09-16T18:33:54Z,VT,0
2024-09-16T18:34:27Z,BRK.B,3.31
2024-09-16T18:34:27Z,VT,0
2024-09-16T18:35:01Z,BRK.B,3.31
2024-09-16T18:35:01Z,VT,0
2024-09-16T18:35:34Z,BRK.B,3.31
2024-09-16T18:35:34Z,VT,0
2024-09-16T18:36:07Z,BRK.B,3.31
2024-09-16T18:36:07Z,VT,0
2024-09-16T18:36:40Z,BRK.B,3.31
2024-09-16T18:36:40Z,VT,0
2024-09-16T18:37:13Z,BRK.B,3.31
2024-09-16T18:37:13Z,VT,0
2024-09-16T18:37:46Z,BRK.B,3.31
2024-09-16T18:37:46Z,VT,0
2024-09-16T18:38:19Z,BRK.B,3.31
2024-09-16T18:38:19Z,VT,0
2024-09-16T18:38:52Z,BRK.B,3.31
2024-09-16T18:38:52Z,VT,0
2024-09-16T18:39:26Z,BRK.B,3.31
2024-09-16T18:39:26Z,VT,0
2024-09-16T18:39:59Z,BRK.B,3.31
2024-09-16T18:39:59Z,VT,0
2024-09-16T18:40:32Z,BRK.B,3.31
2024-09-16T18:40:32Z,VT,0
2024-09-16T18:41:05Z,BRK.B,3.31
2024-09-16T18:41:05Z,VT,0
2024-09-16T18:41:38Z,BRK.B,3.31
2024-09-16T18:41:38Z,VT,0
2024-09-16T18:42:11Z,BRK.B,3.31
2024-09-16T18:42:11Z,VT,0
2024-09-16T18:42:44Z,BRK.B,3.31
2024-09-16T18:42:44Z,VT,0
2024-09-16T18:43:17Z,BRK.B,3.31
2024-09-16T18:43:17Z,VT,0
2024-09-16T18:43:50Z,BRK.B,3.31
2024-09-16T18:43:50Z,VT,0
2024-09-16T18:44:23Z,BRK.B,3.31
2024-09-16T18:44:23Z,VT,0
2024-09-16T18:44:57Z,BRK.B,3.31
2024-09-16T18:44:57Z,VT,0
2024-09-16T18:45:30Z,BRK.B,3.31
2024-09-16T18:45:30Z,VT,0
2024-09-16T18:46:03Z,BRK.B,3.31
2024-09-16T18:46:03Z,VT,0
2024-09-16T18:46:36Z,BRK.B,3.31
2024-09-16T18:46:36Z,VT,0
2024-09-16T18:47:09Z,BRK.B,3.31
2024-09-16T18:47:09Z,VT,0
2024-09-16T18:47:42Z,BRK.B,3.31
2024-09-16T18:47:42Z,VT,0
2024-09-16T18:48:15Z,BRK.B,3.31
2024-09-16T18:48:15Z,VT,0
2024-09-16T18:48:48Z,BRK.B,3.31
2024-09-16T18:48:48Z,VT,0
2024-09-16T18:49:21Z,BRK.B,3.31
2024-09-16T18:49:21Z,VT,0
2024-09-16T18:49:54Z,BRK.B,3.31
2024-09-16T18:49:54Z,VT,0
2024-09-16T18:50:27Z,BRK.B,3.31
2024-09-16T18:50:27Z,VT,0
2024-09-16T18:51:00Z,BRK.B,3.31
2024-09-16T18:51:00Z,VT,0
2024-09-16T18:51:34Z,BRK.B,3.31
2024-09-16T18:51:34Z,VT,0
2024-09-16T18:52:07Z,BRK.B,3.31
2024-09-16T18:52:07Z,VT,0
2024-09-16T18:52:40Z,BRK.B,3.31
2024-09-16T18:52:40Z,VT,0
2024-09-16T18:53:13Z,BRK.B,3.31
2024-09-16T18:53:13Z,VT,0
2024-09-16T18:53:46Z,BRK.B,3.31
2024-09-16T18:53:46Z,VT,0
2024-09-16T18:54:19Z,BRK.B,3.31
2024-09-16T18:54:19Z,VT,0
2024-09-16T18:54:52Z,BRK.B,3.31
2024-09-16T18:54:52Z,VT,0
2024-09-16T18:55:25Z,BRK.B,3.31
2024-09-16T18:55:25Z,VT,0
2024-09-16T18:55:58Z,BRK.B,3.31
2024-09-16T18:55:58Z,VT,0
2024-09-16T18:56:31Z,BRK.B,3.31
2024-09-16T18:56:31Z,VT,0
2024-09-16T18:57:04Z,BRK.B,3.31
2024-09-16T18:57:04Z,VT,0
2024-09-16T18:57:38Z,BRK.B,3.31
2024-09-16T18:57:38Z,VT,0
2024-09-16T18:58:11Z,BRK.B,3.31
2024-09-16T18:58:11Z,VT,0
2024-09-16T18:58:44Z,BRK.B,3.31
2024-09-16T18:58:44Z,VT,0
2024-09-16T18:59:17Z,BRK.B,3.31
2024-09-16T18:59:17Z,VT,0
2024-09-16T18:59:50Z,BRK.B,3.31
2024-09-16T18:59:50Z,VT,0
2024-09-16T19:00:23Z,BRK.B,3.31
2024-09-16T19:00:23Z,VT,0
2024-09-16T19:00:56Z,BRK.B,3.31
2024-09-16T19:00:56Z,VT,0
2024-09-16T19:01:29Z,BRK.B,3.31
2024-09-16T19:01:29Z,VT,0
2024-09-16T19:02:03Z,BRK.B,3.31
2024-09-16T19:02:03Z,VT,0
2024-09-16T19:02:36Z,BRK.B,3.31
2024-09-16T19:02:36Z,VT,0
2024-09-16T19:03:09Z,BRK.B,3.31
2024-09-16T19:03:09Z,VT,0
2024-09-16T19:03:42Z,BRK.B,3.31
2024-09-16T19:03:42Z,VT,0
2024-09-16T19:04:15Z,BRK.B,3.31
2024-09-16T19:04:15Z,VT,0
2024-09-16T19:04:48Z,BRK.B,3.31
2024-09-16T19:04:48Z,VT,0
2024-09-16T19:05:21Z,BRK.B,3.31
2024-09-16T19:05:21Z,VT,0
2024-09-16T19:05:54Z,BRK.B,3.31
2024-09-16T19:05:54Z,VT,0
2024-09-16T19:06:27Z,BRK.B,3.31
2024-09-16T19:06:27Z,VT,0
2024-09-16T19:07:00Z,BRK.B,3.31
2024-09-16T19:07:00Z,VT,0
2024-09-16T19:07:33Z,BRK.B,3.31
2024-09-16T19:07:33Z,VT,0
2024-09-16T19:08:06Z,BRK.B,3.31
2024-09-16T19:08:06Z,VT,0
2024-09-16T19:08:39Z,BRK.B,3.31
2024-09-16T19:08:39Z,VT,0
2024-09-16T19:09:13Z,BRK.B,3.31
2024-09-16T19:09:13Z,VT,0
2024-09-16T19:09:46Z,BRK.B,3.31
2024-09-16T19:09:46Z,VT,0
2024-09-16T19:10:19Z,BRK.B,3.31
2024-09-16T19:10:19Z,VT,0
2024-09-16T19:10:52Z,BRK.B,3.31
2024-09-16T19:10:52Z,VT,0
2024-09-16T19:11:25Z,BRK.B,3.31
2024-09-16T19:11:25Z,VT,0
2024-09-16T19:11:58Z,BRK.B,3.31
2024-09-16T19:11:58Z,VT,0
2024-09-16T19:12:32Z,BRK.B,3.31
2024-09-16T19:12:32Z,VT,0
2024-09-16T19:13:05Z,BRK.B,3.31
2024-09-16T19:13:05Z,VT,0
2024-09-16T19:13:38Z,BRK.B,3.31
2024-09-16T19:13:38Z,VT,0
2024-09-16T19:14:11Z,BRK.B,3.31
2024-09-16T19:14:11Z,VT,0
2024-09-16T19:14:44Z,BRK.B,3.31
2024-09-16T19:14:44Z,VT,0
2024-09-16T19:15:17Z,BRK.B,3.31
2024-09-16T19:15:17Z,VT,0
2024-09-16T19:15:50Z,BRK.B,3.31
2024-09-16T19:15:50Z,VT,0
2024-09-16T19:16:24Z,BRK.B,3.31
2024-09-16T19:16:24Z,VT,0
2024-09-16T19:16:57Z,BRK.B,3.31
2024-09-16T19:16:57Z,VT,0
2024-09-16T19:17:30Z,BRK.B,3.31
2024-09-16T19:17:30Z,VT,0
2024-09-16T19:18:03Z,BRK.B,3.31
2024-09-16T19:18:03Z,VT,0
2024-09-16T19:18:36Z,BRK.B,3.31
2024-09-16T19:18:36Z,VT,0
2024-09-16T19:19:09Z,BRK.B,3.31
2024-09-16T19:19:09Z,VT,0
2024-09-16T19:19:43Z,BRK.B,3.31
2024-09-16T19:19:43Z,VT,0
2024-09-16T19:20:16Z,BRK.B,3.31
2024-09-16T19:20:16Z,VT,0
2024-09-16T19:20:49Z,BRK.B,3.31
2024-09-16T19:20:49Z,VT,0
2024-09-16T19:21:22Z,BRK.B,3.31
2024-09-16T19:21:22Z,VT,0
2024-09-16T19:21:55Z,BRK.B,3.31
2024-09-16T19:21:55Z,VT,0
2024-09-16T19:22:28Z,BRK.B,3.31
2024-09-16T19:22:28Z,VT,0
2024-09-16T19:23:01Z,BRK.B,3.31
2024-09-16T19:23:01Z,VT,0
2024-09-16T19:23:35Z,BRK.B,3.31
2024-09-16T19:23:35Z,VT,0
2024-09-16T19:24:08Z,BRK.B,3.31
2024-09-16T19:24:08Z,VT,0
2024-09-16T19:24:41Z,BRK.B,3.31
2024-09-16T19:24:41Z,VT,0
2024-09-16T19:25:14Z,BRK.B,3.31
2024-09-16T19:25:14Z,VT,0
2024-09-16T19:25:47Z,BRK.B,3.31
2024-09-16T19:25:47Z,VT,0
2024-09-16T19:26:20Z,BRK.B,3.31
2024-09-16T19:26:20Z,VT,0
2024-09-16T19:26:54Z,BRK.B,3.31
2024-09-16T19:26:54Z,VT,0
2024-09-16T19:27:27Z,BRK.B,3.31
2024-09-16T19:27:27Z,VT,0
2024-09-16T19:28:00Z,BRK.B,3.31
2024-09-16T19:28:00Z,VT,0
2024-09-16T19:28:33Z,BRK.B,3.31
2024-09-16T19:28:33Z,VT,0
2024-09-16T19:29:06Z,BRK.B,3.31
2024-09-16T19:29:06Z,VT,0
2024-09-16T19:29:39Z,BRK.B,3.31
2024-09-16T19:29:39Z,VT,0
2024-09-16T19:30:12Z,BRK.B,3.31
2024-09-16T19:30:12Z,VT,0
2024-09-16T19:30:45Z,BRK.B,3.31
2024-09-16T19:30:45Z,VT,0
2024-09-16T19:31:18Z,BRK.B,3.31
2024-09-16T19:31:18Z,VT,0
2024-09-16T19:31:51Z,BRK.B,3.31
2024-09-16T19:31:51Z,VT,0
2024-09-16T19:32:24Z,BRK.B,3.31
2024-09-16T19:32:24Z,VT,0
2024-09-16T19:32:57Z,BRK.B,3.31
2024-09-16T19:32:57Z,VT,0
2024-09-16T19:33:30Z,BRK.B,3.31
2024-09-16T19:33:30Z,VT,0
2024-09-16T19:34:03Z,BRK.B,3.31
2024-09-16T19:34:03Z,VT,0
2024-09-16T19:34:37Z,BRK.B,3.31
2024-09-16T19:34:37Z,VT,0
2024-09-16T19:35:10Z,BRK.B,3.31
2024-09-16T19:35:10Z,VT,0
2024-09-16T19:35:43Z,BRK.B,3.31
2024-09-16T19:35:43Z,VT,0
2024-09-16T19:36:16Z,BRK.B,3.31
2024-09-16T19:36:16Z,VT,0
2024-09-16T19:36:49Z,BRK.B,3.31
2024-09-16T19:36:49Z,VT,0
2024-09-16T19:37:22Z,BRK.B,3.31
2024-09-16T19:37:22Z,VT,0
2024-09-16T19:37:55Z,BRK.B,3.31
2024-09-16T19:37:55Z,VT,0
2024-09-16T19:38:28Z,BRK.B,3.31
2024-09-16T19:38:28Z,VT,0
2024-09-16T19:39:01Z,BRK.B,3.31
2024-09-16T19:39:01Z,VT,0
2024-09-16T19:39:35Z,BRK.B,3.31
2024-09-16T19:39:35Z,VT,0
2024-09-16T19:40:08Z,BRK.B,3.31
2024-09-16T19:40:08Z,VT,0
2024-09-16T19:40:41Z,BRK.B,3.31
2024-09-16T19:40:41Z,VT,0
2024-09-16T19:41:12Z,BRK.B,3.31
2024-09-16T19:41:12Z,VT,0
2024-09-16T19:41:45Z,BRK.B,3.31
2024-09-16T19:41:45Z,VT,0
2024-09-16T19:42:18Z,BRK.B,3.31
2024-09-16T19:42:18Z,VT,0
2024-09-16T19:42:51Z,BRK.B,3.31
2024-09-16T19:42:51Z,VT,0
2024-09-16T19:43:24Z,BRK.B,3.31
2024-09-16T19:43:24Z,VT,0
2024-09-16T19:43:57Z,BRK.B,3.31
2024-09-16T19:43:57Z,VT,0
2024-09-16T19:44:30Z,BRK.B,3.31
2024-09-16T19:44:30Z,VT,0
2024-09-16T19:45:03Z,BRK.B,3.31
2024-09-16T19:45:03Z,VT,0
2024-09-16T19:45:36Z,BRK.B,3.31
2024-09-16T19:45:36Z,VT,0
2024-09-16T19:46:10Z,BRK.B,3.31
2024-09-16T19:46:10Z,VT,0
2024-09-16T19:46:43Z,BRK.B,3.31
2024-09-16T19:46:43Z,VT,0
2024-09-16T19:47:16Z,BRK.B,3.31
2024-09-16T19:47:16Z,VT,0
2024-09-16T19:47:49Z,BRK.B,3.31
2024-09-16T19:47:49Z,VT,0
2024-09-16T19:48:22Z,BRK.B,3.31
2024-09-16T19:48:22Z,VT,0
2024-09-16T19:48:55Z,BRK.B,3.31
2024-09-16T19:48:55Z,VT,0
2024-09-16T19:49:28Z,BRK.B,3.31
2024-09-16T19:49:28Z,VT,0
2024-09-16T19:50:01Z,BRK.B,3.31
2024-09-16T19:50:01Z,VT,0
2024-09-16T19:50:34Z,BRK.B,3.31
2024-09-16T19:50:34Z,VT,0
2024-09-16T19:51:07Z,BRK.B,3.31
2024-09-16T19:51:07Z,VT,0
2024-09-16T19:51:40Z,BRK.B,3.31
2024-09-16T19:51:40Z,VT,0
2024-09-16T19:52:14Z,BRK.B,3.31
2024-09-16T19:52:14Z,VT,0
2024-09-16T19:52:47Z,BRK.B,3.31
2024-09-16T19:52:47Z,VT,0
2024-09-16T19:53:20Z,BRK.B,3.31
2024-09-16T19:53:20Z,VT,0
2024-09-16T19:53:53Z,BRK.B,3.31
2024-09-16T19:53:53Z,VT,0
2024-09-16T19:54:26Z,BRK.B,3.31
2024-09-16T19:54:26Z,VT,0
2024-09-16T19:54:59Z,BRK.B,3.31
2024-09-16T19:54:59Z,VT,0
2024-09-16T19:55:32Z,BRK.B,3.31
2024-09-16T19:55:32Z,VT,0
2024-09-16T19:55:40Z,BRK.B,0
2024-09-16T19:55:40Z,VT,0
2024-09-19T18:32:05Z,BRK.B,0
2024-09-19T18:32:05Z,VT,0
2024-09-23T18:32:19Z,BRK.B,0.83
2024-09-23T18:32:19Z,VT,0.65
